filename,label
cardboard_00352.jpg,cardboard
metal_01659.jpg,metal
trash_19647.jpg,trash
paper_02517.jpg,paper
paper_00879.jpg,paper
cardboard_00535.jpg,cardboard
metal_00272.jpg,metal
metal_01266.jpg,metal
glass_02711.jpg,glass
trash_12309.jpg,trash
cardboard_03061.jpg,cardboard
cardboard_01812.jpg,cardboard
plastic_00786.jpg,plastic
trash_17253.jpg,trash
cardboard_01627.jpg,cardboard
trash_13912.jpg,trash
paper_00712.jpg,paper
glass_03350.jpg,glass
metal_01127.jpg,metal
glass_03079.jpg,glass
glass_01777.jpg,glass
metal_02632.jpg,metal
glass_01970.jpg,glass
plastic_01748.jpg,plastic
trash_03938.jpg,trash
paper_02066.jpg,paper
plastic_02750.jpg,plastic
paper_01302.jpg,paper
glass_03377.jpg,glass
plastic_01106.jpg,plastic
cardboard_01176.jpg,cardboard
paper_03262.jpg,paper
paper_02102.jpg,paper
trash_18146.jpg,trash
glass_01947.jpg,glass
glass_04335.jpg,glass
glass_03954.jpg,glass
paper_02120.jpg,paper
cardboard_00347.jpg,cardboard
plastic_02931.jpg,plastic
trash_20111.jpg,trash
trash_05193.jpg,trash
glass_01917.jpg,glass
paper_02745.jpg,paper
cardboard_02756.jpg,cardboard
cardboard_02811.jpg,cardboard
plastic_03291.jpg,plastic
trash_12233.jpg,trash
metal_01123.jpg,metal
glass_04098.jpg,glass
trash_07414.jpg,trash
glass_00404.jpg,glass
plastic_03022.jpg,plastic
trash_08922.jpg,trash
glass_03204.jpg,glass
paper_03029.jpg,paper
plastic_01719.jpg,plastic
trash_12953.jpg,trash
paper_02441.jpg,paper
cardboard_02741.jpg,cardboard
paper_02407.jpg,paper
plastic_02785.jpg,plastic
trash_10748.jpg,trash
glass_03555.jpg,glass
glass_05370.jpg,glass
trash_12793.jpg,trash
cardboard_02264.jpg,cardboard
glass_03755.jpg,glass
trash_14563.jpg,trash
metal_02620.jpg,metal
glass_02927.jpg,glass
trash_17290.jpg,trash
trash_05693.jpg,trash
plastic_02191.jpg,plastic
trash_17197.jpg,trash
trash_10321.jpg,trash
plastic_03041.jpg,plastic
plastic_03060.jpg,plastic
trash_15921.jpg,trash
metal_01156.jpg,metal
cardboard_00373.jpg,cardboard
glass_04011.jpg,glass
glass_02870.jpg,glass
metal_01304.jpg,metal
trash_06156.jpg,trash
trash_01795.jpg,trash
plastic_00282.jpg,plastic
plastic_01339.jpg,plastic
glass_00870.jpg,glass
cardboard_02527.jpg,cardboard
glass_03698.jpg,glass
paper_01892.jpg,paper
glass_01279.jpg,glass
paper_02154.jpg,paper
metal_00609.jpg,metal
paper_00725.jpg,paper
plastic_02295.jpg,plastic
metal_01979.jpg,metal
metal_01187.jpg,metal
glass_03627.jpg,glass
paper_01803.jpg,paper
trash_00093.jpg,trash
metal_01212.jpg,metal
metal_00481.jpg,metal
plastic_01965.jpg,plastic
cardboard_01478.jpg,cardboard
paper_00180.jpg,paper
trash_04611.jpg,trash
cardboard_01501.jpg,cardboard
metal_02636.jpg,metal
metal_00383.jpg,metal
metal_01680.jpg,metal
cardboard_00793.jpg,cardboard
glass_04883.jpg,glass
metal_02618.jpg,metal
plastic_02208.jpg,plastic
paper_02272.jpg,paper
plastic_00537.jpg,plastic
plastic_01468.jpg,plastic
plastic_01441.jpg,plastic
metal_02567.jpg,metal
paper_00043.jpg,paper
paper_00772.jpg,paper
trash_12418.jpg,trash
glass_02079.jpg,glass
cardboard_01977.jpg,cardboard
plastic_02982.jpg,plastic
trash_08144.jpg,trash
trash_09118.jpg,trash
glass_01837.jpg,glass
plastic_01237.jpg,plastic
paper_01895.jpg,paper
cardboard_02011.jpg,cardboard
glass_02768.jpg,glass
cardboard_01729.jpg,cardboard
glass_04347.jpg,glass
paper_02009.jpg,paper
paper_01496.jpg,paper
trash_07197.jpg,trash
metal_02003.jpg,metal
plastic_00204.jpg,plastic
plastic_01787.jpg,plastic
plastic_01373.jpg,plastic
metal_01027.jpg,metal
plastic_02079.jpg,plastic
plastic_00566.jpg,plastic
trash_15557.jpg,trash
trash_16207.jpg,trash
cardboard_01449.jpg,cardboard
cardboard_00075.jpg,cardboard
glass_00226.jpg,glass
metal_01730.jpg,metal
paper_00111.jpg,paper
plastic_02581.jpg,plastic
cardboard_02309.jpg,cardboard
trash_07800.jpg,trash
cardboard_02840.jpg,cardboard
glass_04064.jpg,glass
glass_02693.jpg,glass
paper_01283.jpg,paper
glass_04208.jpg,glass
paper_01162.jpg,paper
glass_00104.jpg,glass
trash_03429.jpg,trash
glass_02499.jpg,glass
metal_02515.jpg,metal
metal_02099.jpg,metal
trash_12662.jpg,trash
paper_00430.jpg,paper
paper_01833.jpg,paper
cardboard_02821.jpg,cardboard
glass_05550.jpg,glass
glass_02133.jpg,glass
metal_02227.jpg,metal
metal_02255.jpg,metal
glass_02104.jpg,glass
trash_01149.jpg,trash
cardboard_02809.jpg,cardboard
plastic_02799.jpg,plastic
plastic_00725.jpg,plastic
paper_01800.jpg,paper
plastic_01463.jpg,plastic
metal_02295.jpg,metal
metal_02033.jpg,metal
plastic_01540.jpg,plastic
trash_12531.jpg,trash
metal_02584.jpg,metal
metal_00142.jpg,metal
metal_02542.jpg,metal
metal_02705.jpg,metal
paper_02492.jpg,paper
metal_01354.jpg,metal
plastic_02356.jpg,plastic
cardboard_00803.jpg,cardboard
glass_04990.jpg,glass
cardboard_02403.jpg,cardboard
glass_00837.jpg,glass
metal_01686.jpg,metal
glass_01326.jpg,glass
plastic_01525.jpg,plastic
cardboard_00779.jpg,cardboard
metal_01138.jpg,metal
trash_04782.jpg,trash
trash_07927.jpg,trash
plastic_02679.jpg,plastic
metal_02470.jpg,metal
glass_01421.jpg,glass
plastic_02849.jpg,plastic
plastic_02357.jpg,plastic
glass_01420.jpg,glass
glass_00365.jpg,glass
cardboard_02414.jpg,cardboard
trash_11021.jpg,trash
trash_17380.jpg,trash
paper_00803.jpg,paper
paper_00143.jpg,paper
trash_15305.jpg,trash
cardboard_01185.jpg,cardboard
glass_02243.jpg,glass
metal_02395.jpg,metal
metal_01021.jpg,metal
paper_01280.jpg,paper
paper_00123.jpg,paper
metal_01333.jpg,metal
trash_18968.jpg,trash
cardboard_02065.jpg,cardboard
cardboard_00298.jpg,cardboard
cardboard_02930.jpg,cardboard
metal_01708.jpg,metal
metal_01662.jpg,metal
plastic_02566.jpg,plastic
paper_02090.jpg,paper
metal_01151.jpg,metal
glass_05383.jpg,glass
paper_01919.jpg,paper
paper_01853.jpg,paper
cardboard_01700.jpg,cardboard
metal_01926.jpg,metal
plastic_02577.jpg,plastic
metal_01797.jpg,metal
metal_02234.jpg,metal
metal_02002.jpg,metal
trash_06845.jpg,trash
plastic_00574.jpg,plastic
glass_04100.jpg,glass
trash_07085.jpg,trash
glass_05125.jpg,glass
trash_16789.jpg,trash
plastic_02129.jpg,plastic
glass_01403.jpg,glass
glass_04817.jpg,glass
glass_05336.jpg,glass
trash_05289.jpg,trash
trash_09805.jpg,trash
paper_02347.jpg,paper
metal_01396.jpg,metal
cardboard_00954.jpg,cardboard
trash_16222.jpg,trash
cardboard_02939.jpg,cardboard
trash_00267.jpg,trash
trash_13201.jpg,trash
glass_00150.jpg,glass
glass_03695.jpg,glass
plastic_02821.jpg,plastic
cardboard_02943.jpg,cardboard
cardboard_00888.jpg,cardboard
paper_00768.jpg,paper
metal_01503.jpg,metal
glass_03371.jpg,glass
paper_00856.jpg,paper
trash_09702.jpg,trash
trash_14532.jpg,trash
trash_10302.jpg,trash
cardboard_01708.jpg,cardboard
glass_05274.jpg,glass
cardboard_01594.jpg,cardboard
trash_06315.jpg,trash
metal_02348.jpg,metal
glass_00214.jpg,glass
plastic_01766.jpg,plastic
trash_13814.jpg,trash
paper_01974.jpg,paper
trash_16211.jpg,trash
paper_02365.jpg,paper
cardboard_02362.jpg,cardboard
plastic_02294.jpg,plastic
trash_03258.jpg,trash
trash_05159.jpg,trash
metal_02083.jpg,metal
glass_00597.jpg,glass
plastic_01547.jpg,plastic
plastic_01650.jpg,plastic
glass_01361.jpg,glass
plastic_02874.jpg,plastic
metal_01102.jpg,metal
metal_00571.jpg,metal
cardboard_02389.jpg,cardboard
metal_00168.jpg,metal
trash_05522.jpg,trash
trash_16450.jpg,trash
paper_01489.jpg,paper
glass_03731.jpg,glass
glass_05507.jpg,glass
metal_01464.jpg,metal
glass_03249.jpg,glass
cardboard_00386.jpg,cardboard
trash_12949.jpg,trash
paper_02944.jpg,paper
trash_18220.jpg,trash
cardboard_00445.jpg,cardboard
metal_00158.jpg,metal
plastic_02075.jpg,plastic
metal_02410.jpg,metal
trash_09542.jpg,trash
plastic_01747.jpg,plastic
glass_02143.jpg,glass
plastic_01786.jpg,plastic
cardboard_02069.jpg,cardboard
trash_17732.jpg,trash
glass_01854.jpg,glass
glass_04841.jpg,glass
cardboard_01680.jpg,cardboard
cardboard_02971.jpg,cardboard
cardboard_02135.jpg,cardboard
trash_15156.jpg,trash
cardboard_02647.jpg,cardboard
trash_09427.jpg,trash
trash_00772.jpg,trash
glass_05391.jpg,glass
glass_04605.jpg,glass
plastic_02589.jpg,plastic
paper_02937.jpg,paper
plastic_01318.jpg,plastic
paper_01032.jpg,paper
metal_01302.jpg,metal
metal_00759.jpg,metal
cardboard_00325.jpg,cardboard
trash_11423.jpg,trash
glass_02798.jpg,glass
paper_00992.jpg,paper
paper_02628.jpg,paper
paper_02303.jpg,paper
paper_02615.jpg,paper
metal_02533.jpg,metal
trash_17110.jpg,trash
paper_03156.jpg,paper
trash_12014.jpg,trash
metal_02314.jpg,metal
paper_03215.jpg,paper
cardboard_01694.jpg,cardboard
trash_14452.jpg,trash
metal_01707.jpg,metal
paper_01711.jpg,paper
trash_18056.jpg,trash
metal_00716.jpg,metal
paper_01284.jpg,paper
trash_16695.jpg,trash
metal_01425.jpg,metal
trash_07039.jpg,trash
plastic_02354.jpg,plastic
plastic_01365.jpg,plastic
cardboard_01983.jpg,cardboard
paper_02238.jpg,paper
glass_02574.jpg,glass
plastic_01522.jpg,plastic
plastic_02545.jpg,plastic
paper_02438.jpg,paper
paper_00790.jpg,paper
plastic_03004.jpg,plastic
trash_12711.jpg,trash
metal_02616.jpg,metal
cardboard_02082.jpg,cardboard
trash_14844.jpg,trash
cardboard_02975.jpg,cardboard
trash_14391.jpg,trash
trash_11795.jpg,trash
cardboard_02440.jpg,cardboard
cardboard_01471.jpg,cardboard
metal_01765.jpg,metal
cardboard_00543.jpg,cardboard
plastic_02155.jpg,plastic
trash_07574.jpg,trash
plastic_02360.jpg,plastic
glass_01306.jpg,glass
cardboard_02912.jpg,cardboard
glass_01460.jpg,glass
trash_07962.jpg,trash
glass_01107.jpg,glass
metal_01321.jpg,metal
glass_01909.jpg,glass
paper_02149.jpg,paper
plastic_03163.jpg,plastic
trash_07423.jpg,trash
plastic_02691.jpg,plastic
cardboard_00636.jpg,cardboard
plastic_00438.jpg,plastic
plastic_01098.jpg,plastic
paper_02292.jpg,paper
paper_02129.jpg,paper
plastic_01964.jpg,plastic
trash_06563.jpg,trash
plastic_01957.jpg,plastic
plastic_01359.jpg,plastic
trash_12915.jpg,trash
glass_01180.jpg,glass
plastic_00532.jpg,plastic
cardboard_00085.jpg,cardboard
paper_00957.jpg,paper
glass_01074.jpg,glass
glass_03084.jpg,glass
glass_02091.jpg,glass
paper_02682.jpg,paper
glass_01747.jpg,glass
glass_03117.jpg,glass
trash_07533.jpg,trash
metal_02144.jpg,metal
cardboard_02468.jpg,cardboard
cardboard_02532.jpg,cardboard
paper_02195.jpg,paper
plastic_02024.jpg,plastic
metal_00772.jpg,metal
plastic_02272.jpg,plastic
paper_01096.jpg,paper
metal_02577.jpg,metal
glass_02749.jpg,glass
metal_01110.jpg,metal
glass_01202.jpg,glass
glass_05297.jpg,glass
cardboard_01365.jpg,cardboard
plastic_01471.jpg,plastic
glass_00588.jpg,glass
metal_01638.jpg,metal
trash_13454.jpg,trash
cardboard_01048.jpg,cardboard
metal_01824.jpg,metal
glass_02046.jpg,glass
metal_00183.jpg,metal
plastic_00732.jpg,plastic
metal_01306.jpg,metal
cardboard_01032.jpg,cardboard
paper_03279.jpg,paper
trash_19717.jpg,trash
glass_02008.jpg,glass
glass_05096.jpg,glass
glass_03752.jpg,glass
trash_10807.jpg,trash
cardboard_01192.jpg,cardboard
trash_05727.jpg,trash
glass_01353.jpg,glass
glass_02728.jpg,glass
glass_02610.jpg,glass
plastic_03073.jpg,plastic
plastic_03146.jpg,plastic
metal_01619.jpg,metal
plastic_02950.jpg,plastic
trash_07300.jpg,trash
glass_01371.jpg,glass
plastic_03322.jpg,plastic
plastic_02053.jpg,plastic
paper_02835.jpg,paper
metal_02442.jpg,metal
plastic_02017.jpg,plastic
plastic_02122.jpg,plastic
trash_06027.jpg,trash
paper_00476.jpg,paper
paper_02972.jpg,paper
metal_02678.jpg,metal
trash_03820.jpg,trash
glass_04872.jpg,glass
cardboard_02300.jpg,cardboard
trash_02419.jpg,trash
plastic_00996.jpg,plastic
glass_05548.jpg,glass
glass_01978.jpg,glass
glass_00569.jpg,glass
trash_08726.jpg,trash
metal_02160.jpg,metal
glass_01802.jpg,glass
paper_01985.jpg,paper
cardboard_01223.jpg,cardboard
paper_02557.jpg,paper
cardboard_00444.jpg,cardboard
metal_01570.jpg,metal
paper_01638.jpg,paper
cardboard_02567.jpg,cardboard
paper_02470.jpg,paper
metal_02304.jpg,metal
metal_02532.jpg,metal
trash_12234.jpg,trash
plastic_01682.jpg,plastic
glass_04415.jpg,glass
plastic_02719.jpg,plastic
plastic_00957.jpg,plastic
paper_00473.jpg,paper
glass_00585.jpg,glass
paper_02262.jpg,paper
glass_00484.jpg,glass
glass_04560.jpg,glass
trash_00365.jpg,trash
glass_01053.jpg,glass
metal_02208.jpg,metal
trash_04574.jpg,trash
metal_01521.jpg,metal
trash_13204.jpg,trash
metal_01800.jpg,metal
cardboard_01468.jpg,cardboard
trash_08368.jpg,trash
paper_02659.jpg,paper
glass_01867.jpg,glass
cardboard_02006.jpg,cardboard
paper_00217.jpg,paper
metal_01758.jpg,metal
metal_01839.jpg,metal
trash_06492.jpg,trash
plastic_00999.jpg,plastic
plastic_02332.jpg,plastic
cardboard_02558.jpg,cardboard
plastic_02118.jpg,plastic
metal_00798.jpg,metal
plastic_00042.jpg,plastic
paper_00283.jpg,paper
glass_01542.jpg,glass
paper_03099.jpg,paper
paper_00805.jpg,paper
metal_01435.jpg,metal
glass_04909.jpg,glass
glass_00514.jpg,glass
plastic_01611.jpg,plastic
paper_01185.jpg,paper
plastic_02610.jpg,plastic
plastic_02562.jpg,plastic
cardboard_00655.jpg,cardboard
plastic_00345.jpg,plastic
trash_19031.jpg,trash
cardboard_02528.jpg,cardboard
cardboard_01731.jpg,cardboard
cardboard_01163.jpg,cardboard
glass_02908.jpg,glass
glass_03950.jpg,glass
paper_02702.jpg,paper
metal_01612.jpg,metal
cardboard_02733.jpg,cardboard
plastic_02762.jpg,plastic
glass_04548.jpg,glass
cardboard_01598.jpg,cardboard
plastic_01170.jpg,plastic
plastic_01983.jpg,plastic
trash_04405.jpg,trash
metal_01474.jpg,metal
trash_13046.jpg,trash
paper_00505.jpg,paper
paper_03222.jpg,paper
cardboard_01397.jpg,cardboard
cardboard_02062.jpg,cardboard
metal_00779.jpg,metal
cardboard_02147.jpg,cardboard
glass_00760.jpg,glass
plastic_02518.jpg,plastic
glass_03613.jpg,glass
trash_07499.jpg,trash
plastic_01982.jpg,plastic
trash_06611.jpg,trash
glass_03568.jpg,glass
plastic_02265.jpg,plastic
cardboard_00661.jpg,cardboard
cardboard_02484.jpg,cardboard
metal_00810.jpg,metal
paper_02256.jpg,paper
trash_00222.jpg,trash
trash_08118.jpg,trash
cardboard_02523.jpg,cardboard
trash_06515.jpg,trash
plastic_00421.jpg,plastic
plastic_01890.jpg,plastic
metal_01120.jpg,metal
cardboard_01905.jpg,cardboard
plastic_02684.jpg,plastic
cardboard_01320.jpg,cardboard
plastic_01262.jpg,plastic
trash_01320.jpg,trash
metal_00400.jpg,metal
paper_02552.jpg,paper
plastic_02267.jpg,plastic
paper_00646.jpg,paper
trash_01569.jpg,trash
plastic_00525.jpg,plastic
glass_05070.jpg,glass
trash_06909.jpg,trash
cardboard_02631.jpg,cardboard
trash_19595.jpg,trash
plastic_02474.jpg,plastic
cardboard_02983.jpg,cardboard
trash_06429.jpg,trash
glass_03598.jpg,glass
glass_01866.jpg,glass
trash_17717.jpg,trash
plastic_01469.jpg,plastic
glass_02210.jpg,glass
plastic_00534.jpg,plastic
paper_02872.jpg,paper
metal_01490.jpg,metal
paper_01778.jpg,paper
glass_02225.jpg,glass
trash_00757.jpg,trash
trash_13747.jpg,trash
trash_06240.jpg,trash
metal_02105.jpg,metal
metal_01883.jpg,metal
metal_01455.jpg,metal
trash_05246.jpg,trash
glass_04076.jpg,glass
cardboard_02585.jpg,cardboard
metal_02222.jpg,metal
plastic_02358.jpg,plastic
plastic_02281.jpg,plastic
metal_01850.jpg,metal
trash_14410.jpg,trash
metal_00077.jpg,metal
plastic_00029.jpg,plastic
trash_18228.jpg,trash
metal_01198.jpg,metal
paper_00824.jpg,paper
plastic_02335.jpg,plastic
paper_00947.jpg,paper
metal_00643.jpg,metal
plastic_02857.jpg,plastic
paper_02241.jpg,paper
trash_10632.jpg,trash
plastic_01402.jpg,plastic
cardboard_00169.jpg,cardboard
paper_01215.jpg,paper
trash_01946.jpg,trash
plastic_01781.jpg,plastic
glass_03671.jpg,glass
metal_01880.jpg,metal
paper_01828.jpg,paper
glass_05052.jpg,glass
metal_01536.jpg,metal
plastic_03009.jpg,plastic
metal_01407.jpg,metal
metal_02048.jpg,metal
paper_02092.jpg,paper
paper_03177.jpg,paper
glass_00481.jpg,glass
trash_09256.jpg,trash
trash_13610.jpg,trash
cardboard_02951.jpg,cardboard
metal_00857.jpg,metal
plastic_01504.jpg,plastic
metal_02598.jpg,metal
metal_01647.jpg,metal
plastic_01820.jpg,plastic
glass_03200.jpg,glass
metal_02401.jpg,metal
paper_01731.jpg,paper
trash_10687.jpg,trash
paper_02625.jpg,paper
trash_10122.jpg,trash
plastic_02205.jpg,plastic
plastic_03006.jpg,plastic
trash_14606.jpg,trash
metal_01741.jpg,metal
plastic_02822.jpg,plastic
plastic_01867.jpg,plastic
cardboard_00400.jpg,cardboard
plastic_02299.jpg,plastic
paper_02950.jpg,paper
paper_02482.jpg,paper
paper_02883.jpg,paper
cardboard_00772.jpg,cardboard
trash_16082.jpg,trash
trash_04444.jpg,trash
metal_00629.jpg,metal
glass_04752.jpg,glass
metal_02427.jpg,metal
metal_02058.jpg,metal
plastic_02702.jpg,plastic
trash_09571.jpg,trash
metal_02364.jpg,metal
cardboard_00647.jpg,cardboard
plastic_03157.jpg,plastic
plastic_01496.jpg,plastic
paper_00678.jpg,paper
trash_09086.jpg,trash
metal_02563.jpg,metal
trash_13382.jpg,trash
paper_01146.jpg,paper
paper_00334.jpg,paper
trash_17866.jpg,trash
metal_02488.jpg,metal
paper_03322.jpg,paper
paper_02018.jpg,paper
glass_00924.jpg,glass
trash_16033.jpg,trash
cardboard_00529.jpg,cardboard
cardboard_02640.jpg,cardboard
metal_00331.jpg,metal
glass_00666.jpg,glass
trash_17700.jpg,trash
cardboard_01909.jpg,cardboard
metal_02122.jpg,metal
plastic_01348.jpg,plastic
glass_00085.jpg,glass
plastic_00789.jpg,plastic
metal_01142.jpg,metal
cardboard_01835.jpg,cardboard
paper_02467.jpg,paper
plastic_01481.jpg,plastic
plastic_01808.jpg,plastic
trash_11124.jpg,trash
glass_00722.jpg,glass
trash_03839.jpg,trash
cardboard_02960.jpg,cardboard
cardboard_01732.jpg,cardboard
paper_02807.jpg,paper
metal_02702.jpg,metal
cardboard_02787.jpg,cardboard
plastic_03325.jpg,plastic
metal_01731.jpg,metal
trash_15087.jpg,trash
paper_03316.jpg,paper
glass_02883.jpg,glass
glass_01209.jpg,glass
trash_14827.jpg,trash
trash_12253.jpg,trash
plastic_02902.jpg,plastic
metal_02612.jpg,metal
plastic_02309.jpg,plastic
cardboard_03057.jpg,cardboard
cardboard_00273.jpg,cardboard
metal_01601.jpg,metal
metal_02346.jpg,metal
trash_17229.jpg,trash
glass_04292.jpg,glass
paper_01201.jpg,paper
paper_02200.jpg,paper
trash_17183.jpg,trash
plastic_00195.jpg,plastic
plastic_01389.jpg,plastic
metal_02581.jpg,metal
cardboard_03001.jpg,cardboard
plastic_01376.jpg,plastic
plastic_02261.jpg,plastic
plastic_00158.jpg,plastic
cardboard_00789.jpg,cardboard
cardboard_02764.jpg,cardboard
glass_05512.jpg,glass
metal_00886.jpg,metal
metal_02052.jpg,metal
paper_02652.jpg,paper
glass_02223.jpg,glass
cardboard_03014.jpg,cardboard
glass_04221.jpg,glass
metal_01697.jpg,metal
metal_00911.jpg,metal
metal_00449.jpg,metal
glass_03291.jpg,glass
glass_03968.jpg,glass
trash_01222.jpg,trash
cardboard_00467.jpg,cardboard
plastic_01476.jpg,plastic
metal_00050.jpg,metal
glass_01610.jpg,glass
trash_01666.jpg,trash
glass_04811.jpg,glass
plastic_01085.jpg,plastic
plastic_02727.jpg,plastic
metal_01312.jpg,metal
cardboard_01250.jpg,cardboard
metal_01239.jpg,metal
plastic_00760.jpg,plastic
glass_04066.jpg,glass
cardboard_01860.jpg,cardboard
metal_01825.jpg,metal
trash_08055.jpg,trash
glass_00889.jpg,glass
trash_04264.jpg,trash
metal_02272.jpg,metal
glass_02606.jpg,glass
trash_08991.jpg,trash
glass_05330.jpg,glass
plastic_02828.jpg,plastic
plastic_02184.jpg,plastic
metal_02661.jpg,metal
plastic_02788.jpg,plastic
cardboard_01499.jpg,cardboard
plastic_02996.jpg,plastic
glass_00678.jpg,glass
paper_02162.jpg,paper
glass_04907.jpg,glass
paper_01661.jpg,paper
trash_13323.jpg,trash
plastic_00300.jpg,plastic
paper_02147.jpg,paper
paper_00594.jpg,paper
glass_01528.jpg,glass
plastic_01834.jpg,plastic
paper_03071.jpg,paper
plastic_01991.jpg,plastic
cardboard_01437.jpg,cardboard
trash_14688.jpg,trash
glass_01103.jpg,glass
paper_00719.jpg,paper
paper_02853.jpg,paper
plastic_02981.jpg,plastic
cardboard_02016.jpg,cardboard
trash_05994.jpg,trash
metal_01114.jpg,metal
trash_12043.jpg,trash
glass_03236.jpg,glass
paper_01626.jpg,paper
plastic_02249.jpg,plastic
plastic_02966.jpg,plastic
plastic_00314.jpg,plastic
glass_03201.jpg,glass
cardboard_02005.jpg,cardboard
plastic_01003.jpg,plastic
cardboard_01062.jpg,cardboard
paper_00925.jpg,paper
trash_01698.jpg,trash
cardboard_01824.jpg,cardboard
metal_00303.jpg,metal
paper_02574.jpg,paper
trash_17328.jpg,trash
cardboard_02318.jpg,cardboard
trash_04201.jpg,trash
paper_02509.jpg,paper
metal_01469.jpg,metal
glass_01523.jpg,glass
glass_01538.jpg,glass
metal_01449.jpg,metal
paper_01540.jpg,paper
trash_15226.jpg,trash
cardboard_02644.jpg,cardboard
cardboard_02646.jpg,cardboard
metal_00195.jpg,metal
plastic_03215.jpg,plastic
trash_19454.jpg,trash
paper_01856.jpg,paper
paper_01312.jpg,paper
glass_03939.jpg,glass
trash_15803.jpg,trash
glass_02886.jpg,glass
trash_06015.jpg,trash
paper_02077.jpg,paper
trash_11213.jpg,trash
metal_02204.jpg,metal
glass_03009.jpg,glass
glass_02508.jpg,glass
metal_00581.jpg,metal
glass_05025.jpg,glass
glass_02436.jpg,glass
glass_02245.jpg,glass
paper_02741.jpg,paper
paper_02576.jpg,paper
plastic_01479.jpg,plastic
trash_11736.jpg,trash
metal_02045.jpg,metal
cardboard_03117.jpg,cardboard
trash_13825.jpg,trash
trash_03904.jpg,trash
metal_01591.jpg,metal
metal_01637.jpg,metal
glass_01900.jpg,glass
glass_04201.jpg,glass
cardboard_01684.jpg,cardboard
plastic_00589.jpg,plastic
trash_11187.jpg,trash
plastic_01880.jpg,plastic
cardboard_00251.jpg,cardboard
paper_02928.jpg,paper
trash_15142.jpg,trash
trash_16838.jpg,trash
metal_01805.jpg,metal
plastic_01053.jpg,plastic
paper_00464.jpg,paper
plastic_02519.jpg,plastic
paper_02019.jpg,paper
plastic_01519.jpg,plastic
trash_03584.jpg,trash
paper_02489.jpg,paper
cardboard_02226.jpg,cardboard
glass_05201.jpg,glass
glass_02116.jpg,glass
plastic_02019.jpg,plastic
trash_10778.jpg,trash
glass_01345.jpg,glass
cardboard_01063.jpg,cardboard
glass_04579.jpg,glass
paper_01688.jpg,paper
plastic_02487.jpg,plastic
glass_02236.jpg,glass
cardboard_00734.jpg,cardboard
glass_00777.jpg,glass
paper_01181.jpg,paper
paper_02029.jpg,paper
glass_01381.jpg,glass
trash_05227.jpg,trash
metal_02115.jpg,metal
glass_03737.jpg,glass
metal_00697.jpg,metal
trash_06459.jpg,trash
glass_04558.jpg,glass
glass_00472.jpg,glass
cardboard_01280.jpg,cardboard
paper_01083.jpg,paper
trash_10678.jpg,trash
glass_02487.jpg,glass
metal_01324.jpg,metal
glass_05258.jpg,glass
paper_01543.jpg,paper
plastic_00633.jpg,plastic
metal_01118.jpg,metal
metal_01894.jpg,metal
cardboard_03053.jpg,cardboard
cardboard_02304.jpg,cardboard
glass_04828.jpg,glass
trash_01962.jpg,trash
cardboard_00878.jpg,cardboard
glass_05403.jpg,glass
glass_05502.jpg,glass
trash_04431.jpg,trash
cardboard_01369.jpg,cardboard
plastic_02506.jpg,plastic
paper_02410.jpg,paper
plastic_01432.jpg,plastic
plastic_01275.jpg,plastic
trash_07320.jpg,trash
paper_02111.jpg,paper
trash_15372.jpg,trash
paper_01365.jpg,paper
paper_00991.jpg,paper
metal_00938.jpg,metal
metal_00500.jpg,metal
paper_02249.jpg,paper
trash_12006.jpg,trash
metal_01643.jpg,metal
plastic_02791.jpg,plastic
plastic_01146.jpg,plastic
cardboard_02583.jpg,cardboard
paper_03046.jpg,paper
glass_04581.jpg,glass
paper_03038.jpg,paper
trash_17055.jpg,trash
cardboard_00119.jpg,cardboard
plastic_02167.jpg,plastic
metal_01488.jpg,metal
plastic_02455.jpg,plastic
cardboard_01590.jpg,cardboard
metal_00789.jpg,metal
metal_01961.jpg,metal
trash_04384.jpg,trash
plastic_01693.jpg,plastic
trash_11242.jpg,trash
glass_01407.jpg,glass
cardboard_00045.jpg,cardboard
metal_02142.jpg,metal
metal_00358.jpg,metal
plastic_00972.jpg,plastic
cardboard_02415.jpg,cardboard
cardboard_02425.jpg,cardboard
trash_17749.jpg,trash
cardboard_02338.jpg,cardboard
paper_02786.jpg,paper
glass_01870.jpg,glass
paper_02590.jpg,paper
trash_08734.jpg,trash
paper_01533.jpg,paper
plastic_02377.jpg,plastic
cardboard_01580.jpg,cardboard
trash_02297.jpg,trash
glass_03948.jpg,glass
plastic_01629.jpg,plastic
glass_02331.jpg,glass
metal_02486.jpg,metal
trash_09368.jpg,trash
plastic_02459.jpg,plastic
metal_01467.jpg,metal
metal_02416.jpg,metal
cardboard_01855.jpg,cardboard
trash_06702.jpg,trash
trash_16667.jpg,trash
glass_03172.jpg,glass
plastic_02863.jpg,plastic
glass_01443.jpg,glass
paper_02826.jpg,paper
trash_15720.jpg,trash
cardboard_02664.jpg,cardboard
paper_02940.jpg,paper
metal_01579.jpg,metal
plastic_02270.jpg,plastic
cardboard_02591.jpg,cardboard
plastic_00720.jpg,plastic
trash_12018.jpg,trash
cardboard_02896.jpg,cardboard
glass_00399.jpg,glass
cardboard_02655.jpg,cardboard
trash_00417.jpg,trash
plastic_03038.jpg,plastic
trash_11178.jpg,trash
cardboard_01065.jpg,cardboard
metal_01909.jpg,metal
trash_04569.jpg,trash
metal_00936.jpg,metal
trash_00079.jpg,trash
cardboard_01410.jpg,cardboard
cardboard_00033.jpg,cardboard
cardboard_03005.jpg,cardboard
cardboard_02908.jpg,cardboard
trash_15462.jpg,trash
plastic_02302.jpg,plastic
metal_01222.jpg,metal
metal_00056.jpg,metal
plastic_02174.jpg,plastic
trash_16911.jpg,trash
cardboard_02481.jpg,cardboard
glass_00592.jpg,glass
plastic_02289.jpg,plastic
plastic_02701.jpg,plastic
paper_03056.jpg,paper
cardboard_00428.jpg,cardboard
metal_01437.jpg,metal
trash_07740.jpg,trash
cardboard_00799.jpg,cardboard
paper_03311.jpg,paper
cardboard_00306.jpg,cardboard
plastic_02102.jpg,plastic
paper_02255.jpg,paper
glass_04824.jpg,glass
trash_07821.jpg,trash
glass_02297.jpg,glass
metal_01473.jpg,metal
paper_01748.jpg,paper
metal_00707.jpg,metal
plastic_01037.jpg,plastic
trash_16485.jpg,trash
paper_00697.jpg,paper
trash_15140.jpg,trash
trash_20216.jpg,trash
trash_11355.jpg,trash
glass_04977.jpg,glass
metal_01485.jpg,metal
paper_03249.jpg,paper
glass_02904.jpg,glass
paper_03306.jpg,paper
metal_02034.jpg,metal
paper_03163.jpg,paper
trash_10755.jpg,trash
paper_00900.jpg,paper
trash_13941.jpg,trash
metal_01868.jpg,metal
plastic_02137.jpg,plastic
plastic_02775.jpg,plastic
glass_02802.jpg,glass
cardboard_01703.jpg,cardboard
metal_01799.jpg,metal
plastic_01642.jpg,plastic
paper_00375.jpg,paper
plastic_02960.jpg,plastic
glass_03512.jpg,glass
plastic_01370.jpg,plastic
metal_02575.jpg,metal
metal_00920.jpg,metal
metal_02507.jpg,metal
paper_01988.jpg,paper
cardboard_03044.jpg,cardboard
glass_04058.jpg,glass
plastic_00452.jpg,plastic
glass_02925.jpg,glass
trash_14550.jpg,trash
metal_02378.jpg,metal
glass_03993.jpg,glass
plastic_02045.jpg,plastic
cardboard_02562.jpg,cardboard
trash_05259.jpg,trash
metal_02501.jpg,metal
metal_00542.jpg,metal
cardboard_00657.jpg,cardboard
glass_02018.jpg,glass
paper_02146.jpg,paper
metal_01964.jpg,metal
plastic_01276.jpg,plastic
cardboard_01068.jpg,cardboard
plastic_01857.jpg,plastic
cardboard_00256.jpg,cardboard
trash_11584.jpg,trash
paper_02994.jpg,paper
metal_01712.jpg,metal
plastic_01886.jpg,plastic
cardboard_02008.jpg,cardboard
metal_01738.jpg,metal
plastic_03210.jpg,plastic
paper_02782.jpg,paper
glass_03272.jpg,glass
glass_04473.jpg,glass
cardboard_02402.jpg,cardboard
metal_02435.jpg,metal
paper_02389.jpg,paper
cardboard_00250.jpg,cardboard
paper_02537.jpg,paper
glass_03915.jpg,glass
cardboard_00967.jpg,cardboard
paper_01427.jpg,paper
metal_02564.jpg,metal
metal_01355.jpg,metal
metal_00385.jpg,metal
metal_02138.jpg,metal
cardboard_01067.jpg,cardboard
plastic_02236.jpg,plastic
paper_02031.jpg,paper
trash_03666.jpg,trash
cardboard_01361.jpg,cardboard
glass_00675.jpg,glass
glass_02160.jpg,glass
glass_02658.jpg,glass
glass_02560.jpg,glass
plastic_02430.jpg,plastic
metal_01807.jpg,metal
trash_12637.jpg,trash
metal_01216.jpg,metal
paper_02934.jpg,paper
cardboard_02030.jpg,cardboard
metal_02432.jpg,metal
metal_02521.jpg,metal
glass_00649.jpg,glass
paper_02409.jpg,paper
trash_17436.jpg,trash
metal_01576.jpg,metal
trash_11415.jpg,trash
trash_10629.jpg,trash
paper_03072.jpg,paper
glass_04976.jpg,glass
metal_02464.jpg,metal
metal_02112.jpg,metal
metal_01789.jpg,metal
trash_15984.jpg,trash
trash_10743.jpg,trash
cardboard_01469.jpg,cardboard
plastic_03308.jpg,plastic
metal_01717.jpg,metal
glass_04067.jpg,glass
trash_13994.jpg,trash
paper_02500.jpg,paper
glass_04713.jpg,glass
cardboard_00791.jpg,cardboard
plastic_01905.jpg,plastic
plastic_01635.jpg,plastic
paper_00078.jpg,paper
plastic_03220.jpg,plastic
plastic_01377.jpg,plastic
metal_00078.jpg,metal
metal_01972.jpg,metal
paper_01957.jpg,paper
metal_02042.jpg,metal
cardboard_00596.jpg,cardboard
glass_03607.jpg,glass
plastic_02718.jpg,plastic
cardboard_01779.jpg,cardboard
plastic_02483.jpg,plastic
cardboard_01610.jpg,cardboard
cardboard_01393.jpg,cardboard
metal_01891.jpg,metal
cardboard_01540.jpg,cardboard
glass_04209.jpg,glass
plastic_00923.jpg,plastic
plastic_02231.jpg,plastic
glass_04045.jpg,glass
glass_05216.jpg,glass
trash_19765.jpg,trash
metal_02548.jpg,metal
metal_01931.jpg,metal
trash_15278.jpg,trash
glass_01980.jpg,glass
plastic_02749.jpg,plastic
plastic_00548.jpg,plastic
cardboard_02779.jpg,cardboard
trash_01129.jpg,trash
cardboard_02157.jpg,cardboard
glass_04259.jpg,glass
paper_00819.jpg,paper
paper_00513.jpg,paper
trash_20209.jpg,trash
glass_05050.jpg,glass
plastic_00904.jpg,plastic
cardboard_01234.jpg,cardboard
metal_02274.jpg,metal
cardboard_02735.jpg,cardboard
glass_05382.jpg,glass
trash_07916.jpg,trash
trash_19822.jpg,trash
plastic_01168.jpg,plastic
paper_01327.jpg,paper
cardboard_02719.jpg,cardboard
paper_03224.jpg,paper
trash_15493.jpg,trash
trash_06370.jpg,trash
paper_00927.jpg,paper
glass_02712.jpg,glass
glass_04525.jpg,glass
paper_01524.jpg,paper
metal_02437.jpg,metal
metal_01906.jpg,metal
trash_15058.jpg,trash
trash_03070.jpg,trash
paper_02987.jpg,paper
trash_04529.jpg,trash
glass_02565.jpg,glass
metal_01202.jpg,metal
trash_14867.jpg,trash
trash_12027.jpg,trash
metal_02497.jpg,metal
cardboard_00288.jpg,cardboard
metal_01169.jpg,metal
metal_01427.jpg,metal
glass_00543.jpg,glass
plastic_03320.jpg,plastic
trash_03620.jpg,trash
cardboard_01552.jpg,cardboard
trash_18200.jpg,trash
cardboard_01159.jpg,cardboard
paper_01571.jpg,paper
metal_01569.jpg,metal
trash_13225.jpg,trash
plastic_02014.jpg,plastic
paper_01492.jpg,paper
glass_01554.jpg,glass
metal_01132.jpg,metal
paper_02176.jpg,paper
cardboard_01954.jpg,cardboard
cardboard_01112.jpg,cardboard
cardboard_03092.jpg,cardboard
metal_01378.jpg,metal
glass_03145.jpg,glass
trash_00778.jpg,trash
metal_01627.jpg,metal
paper_02455.jpg,paper
paper_00910.jpg,paper
paper_00390.jpg,paper
glass_03770.jpg,glass
plastic_02438.jpg,plastic
trash_00387.jpg,trash
metal_01502.jpg,metal
metal_00435.jpg,metal
paper_02909.jpg,paper
metal_01740.jpg,metal
metal_02660.jpg,metal
plastic_02225.jpg,plastic
cardboard_01160.jpg,cardboard
trash_03568.jpg,trash
metal_02496.jpg,metal
trash_07394.jpg,trash
metal_02512.jpg,metal
paper_01906.jpg,paper
plastic_02196.jpg,plastic
paper_00872.jpg,paper
trash_18339.jpg,trash
trash_02723.jpg,trash
paper_02610.jpg,paper
cardboard_02190.jpg,cardboard
paper_02357.jpg,paper
cardboard_02573.jpg,cardboard
glass_01654.jpg,glass
trash_15063.jpg,trash
metal_02124.jpg,metal
plastic_01361.jpg,plastic
trash_16518.jpg,trash
metal_00460.jpg,metal
metal_01233.jpg,metal
trash_10754.jpg,trash
cardboard_00606.jpg,cardboard
trash_16776.jpg,trash
glass_00764.jpg,glass
glass_03766.jpg,glass
cardboard_02855.jpg,cardboard
plastic_02937.jpg,plastic
paper_02747.jpg,paper
trash_13050.jpg,trash
metal_01994.jpg,metal
trash_05996.jpg,trash
glass_04775.jpg,glass
metal_02568.jpg,metal
paper_01456.jpg,paper
metal_01606.jpg,metal
plastic_02233.jpg,plastic
trash_02212.jpg,trash
glass_03957.jpg,glass
cardboard_02337.jpg,cardboard
metal_01916.jpg,metal
paper_01309.jpg,paper
cardboard_02513.jpg,cardboard
trash_05955.jpg,trash
plastic_01742.jpg,plastic
metal_00579.jpg,metal
metal_02035.jpg,metal
trash_15486.jpg,trash
plastic_02316.jpg,plastic
plastic_01600.jpg,plastic
plastic_01794.jpg,plastic
trash_15860.jpg,trash
plastic_00864.jpg,plastic
metal_01947.jpg,metal
glass_05468.jpg,glass
metal_02399.jpg,metal
plastic_02095.jpg,plastic
metal_00414.jpg,metal
trash_05205.jpg,trash
metal_01855.jpg,metal
glass_02821.jpg,glass
paper_02746.jpg,paper
trash_17605.jpg,trash
trash_10792.jpg,trash
metal_01031.jpg,metal
trash_19936.jpg,trash
metal_01360.jpg,metal
cardboard_02486.jpg,cardboard
paper_00021.jpg,paper
cardboard_01993.jpg,cardboard
paper_02173.jpg,paper
plastic_00518.jpg,plastic
glass_01862.jpg,glass
plastic_02856.jpg,plastic
glass_04013.jpg,glass
trash_13579.jpg,trash
plastic_03092.jpg,plastic
glass_04937.jpg,glass
metal_01367.jpg,metal
metal_01729.jpg,metal
paper_02612.jpg,paper
cardboard_02832.jpg,cardboard
glass_04610.jpg,glass
cardboard_02072.jpg,cardboard
plastic_02669.jpg,plastic
glass_02525.jpg,glass
metal_02358.jpg,metal
plastic_02939.jpg,plastic
glass_00310.jpg,glass
trash_03787.jpg,trash
cardboard_02520.jpg,cardboard
plastic_02724.jpg,plastic
glass_02654.jpg,glass
cardboard_01632.jpg,cardboard
trash_15325.jpg,trash
plastic_00643.jpg,plastic
paper_02873.jpg,paper
glass_04720.jpg,glass
glass_01924.jpg,glass
glass_01489.jpg,glass
plastic_02693.jpg,plastic
paper_02345.jpg,paper
paper_00637.jpg,paper
paper_02898.jpg,paper
plastic_02002.jpg,plastic
cardboard_01330.jpg,cardboard
cardboard_02193.jpg,cardboard
trash_16631.jpg,trash
glass_01367.jpg,glass
metal_00424.jpg,metal
trash_07008.jpg,trash
cardboard_01597.jpg,cardboard
metal_02690.jpg,metal
plastic_01230.jpg,plastic
trash_07696.jpg,trash
glass_01080.jpg,glass
cardboard_01648.jpg,cardboard
trash_14234.jpg,trash
trash_17628.jpg,trash
plastic_03144.jpg,plastic
glass_02248.jpg,glass
plastic_01712.jpg,plastic
glass_01614.jpg,glass
paper_00586.jpg,paper
metal_01172.jpg,metal
metal_02221.jpg,metal
glass_01356.jpg,glass
paper_03218.jpg,paper
glass_04487.jpg,glass
cardboard_00700.jpg,cardboard
cardboard_00057.jpg,cardboard
trash_02813.jpg,trash
metal_01911.jpg,metal
glass_05411.jpg,glass
paper_01922.jpg,paper
cardboard_02899.jpg,cardboard
paper_02266.jpg,paper
cardboard_02937.jpg,cardboard
glass_02522.jpg,glass
paper_02233.jpg,paper
plastic_01613.jpg,plastic
plastic_00834.jpg,plastic
cardboard_00639.jpg,cardboard
trash_12818.jpg,trash
plastic_01288.jpg,plastic
metal_01217.jpg,metal
plastic_01032.jpg,plastic
metal_02027.jpg,metal
paper_00299.jpg,paper
trash_05230.jpg,trash
plastic_03008.jpg,plastic
trash_18451.jpg,trash
metal_01747.jpg,metal
cardboard_01763.jpg,cardboard
glass_02656.jpg,glass
cardboard_02014.jpg,cardboard
paper_01481.jpg,paper
metal_02152.jpg,metal
cardboard_02593.jpg,cardboard
paper_01071.jpg,paper
metal_01739.jpg,metal
glass_03131.jpg,glass
metal_01320.jpg,metal
metal_02322.jpg,metal
metal_01529.jpg,metal
plastic_02303.jpg,plastic
cardboard_02577.jpg,cardboard
cardboard_00437.jpg,cardboard
plastic_01865.jpg,plastic
metal_02701.jpg,metal
trash_08707.jpg,trash
trash_14219.jpg,trash
trash_03369.jpg,trash
glass_01761.jpg,glass
trash_06599.jpg,trash
metal_01454.jpg,metal
plastic_03330.jpg,plastic
trash_02471.jpg,trash
trash_00581.jpg,trash
glass_04894.jpg,glass
glass_04544.jpg,glass
plastic_01736.jpg,plastic
cardboard_03015.jpg,cardboard
cardboard_02199.jpg,cardboard
trash_19096.jpg,trash
trash_01020.jpg,trash
glass_04844.jpg,glass
cardboard_00562.jpg,cardboard
trash_07849.jpg,trash
cardboard_01537.jpg,cardboard
plastic_00025.jpg,plastic
trash_08491.jpg,trash
metal_01657.jpg,metal
plastic_02700.jpg,plastic
cardboard_01998.jpg,cardboard
trash_10870.jpg,trash
metal_01907.jpg,metal
cardboard_01183.jpg,cardboard
plastic_03149.jpg,plastic
cardboard_01498.jpg,cardboard
cardboard_02870.jpg,cardboard
glass_02142.jpg,glass
plastic_01657.jpg,plastic
metal_02655.jpg,metal
cardboard_02627.jpg,cardboard
glass_04101.jpg,glass
paper_03015.jpg,paper
plastic_00856.jpg,plastic
plastic_03005.jpg,plastic
cardboard_02747.jpg,cardboard
metal_02574.jpg,metal
glass_03997.jpg,glass
paper_02333.jpg,paper
paper_01878.jpg,paper
cardboard_00150.jpg,cardboard
glass_03859.jpg,glass
plastic_01738.jpg,plastic
metal_02004.jpg,metal
metal_02136.jpg,metal
plastic_02808.jpg,plastic
metal_02189.jpg,metal
glass_02623.jpg,glass
metal_01440.jpg,metal
glass_03878.jpg,glass
paper_01950.jpg,paper
glass_00879.jpg,glass
paper_00233.jpg,paper
trash_04183.jpg,trash
paper_02684.jpg,paper
trash_12166.jpg,trash
paper_01805.jpg,paper
paper_02917.jpg,paper
trash_02317.jpg,trash
cardboard_00439.jpg,cardboard
plastic_02711.jpg,plastic
trash_16421.jpg,trash
metal_02404.jpg,metal
glass_03635.jpg,glass
plastic_02259.jpg,plastic
paper_01137.jpg,paper
paper_03053.jpg,paper
trash_07327.jpg,trash
paper_00073.jpg,paper
glass_04755.jpg,glass
plastic_02441.jpg,plastic
paper_01362.jpg,paper
paper_02543.jpg,paper
glass_00249.jpg,glass
paper_00545.jpg,paper
plastic_00276.jpg,plastic
paper_02316.jpg,paper
plastic_00845.jpg,plastic
metal_02676.jpg,metal
plastic_02893.jpg,plastic
metal_01958.jpg,metal
trash_00747.jpg,trash
metal_02566.jpg,metal
trash_18273.jpg,trash
plastic_01990.jpg,plastic
paper_01308.jpg,paper
trash_01614.jpg,trash
cardboard_00914.jpg,cardboard
paper_01847.jpg,paper
metal_00503.jpg,metal
glass_02616.jpg,glass
paper_02318.jpg,paper
paper_01904.jpg,paper
trash_15592.jpg,trash
paper_02306.jpg,paper
metal_01381.jpg,metal
trash_06072.jpg,trash
glass_03281.jpg,glass
plastic_01916.jpg,plastic
glass_04404.jpg,glass
glass_04160.jpg,glass
paper_02096.jpg,paper
glass_04661.jpg,glass
plastic_01048.jpg,plastic
trash_08481.jpg,trash
trash_17786.jpg,trash
glass_02843.jpg,glass
glass_01919.jpg,glass
cardboard_02754.jpg,cardboard
cardboard_00526.jpg,cardboard
paper_00195.jpg,paper
metal_01247.jpg,metal
metal_01956.jpg,metal
trash_16655.jpg,trash
glass_00774.jpg,glass
metal_01383.jpg,metal
cardboard_02579.jpg,cardboard
plastic_02479.jpg,plastic
plastic_01706.jpg,plastic
paper_02858.jpg,paper
paper_00264.jpg,paper
cardboard_02177.jpg,cardboard
paper_01780.jpg,paper
plastic_02425.jpg,plastic
paper_03113.jpg,paper
plastic_02209.jpg,plastic
metal_02459.jpg,metal
plastic_00734.jpg,plastic
cardboard_02470.jpg,cardboard
plastic_00820.jpg,plastic
glass_04116.jpg,glass
paper_01159.jpg,paper
metal_01154.jpg,metal
glass_03826.jpg,glass
trash_18253.jpg,trash
glass_00964.jpg,glass
cardboard_02761.jpg,cardboard
metal_01301.jpg,metal
plastic_02784.jpg,plastic
plastic_01942.jpg,plastic
trash_08958.jpg,trash
trash_00310.jpg,trash
metal_00146.jpg,metal
glass_03776.jpg,glass
plastic_00117.jpg,plastic
paper_01448.jpg,paper
glass_04526.jpg,glass
glass_05466.jpg,glass
metal_01709.jpg,metal
glass_00304.jpg,glass
plastic_02368.jpg,plastic
paper_02178.jpg,paper
trash_11753.jpg,trash
glass_02061.jpg,glass
trash_05531.jpg,trash
paper_01566.jpg,paper
metal_00148.jpg,metal
cardboard_02175.jpg,cardboard
cardboard_02145.jpg,cardboard
trash_20102.jpg,trash
paper_02708.jpg,paper
metal_01901.jpg,metal
glass_05328.jpg,glass
cardboard_00116.jpg,cardboard
paper_01474.jpg,paper
glass_00158.jpg,glass
paper_03101.jpg,paper
glass_03798.jpg,glass
metal_02344.jpg,metal
plastic_02482.jpg,plastic
metal_01290.jpg,metal
plastic_00180.jpg,plastic
glass_00960.jpg,glass
plastic_01670.jpg,plastic
paper_02918.jpg,paper
plastic_02517.jpg,plastic
paper_03217.jpg,paper
trash_03744.jpg,trash
metal_02082.jpg,metal
cardboard_02133.jpg,cardboard
cardboard_00007.jpg,cardboard
glass_05318.jpg,glass
glass_05267.jpg,glass
glass_03918.jpg,glass
cardboard_00717.jpg,cardboard
glass_01433.jpg,glass
plastic_00074.jpg,plastic
trash_05251.jpg,trash
cardboard_01173.jpg,cardboard
cardboard_02462.jpg,cardboard
glass_04885.jpg,glass
cardboard_02270.jpg,cardboard
metal_00546.jpg,metal
metal_01271.jpg,metal
trash_18243.jpg,trash
trash_02104.jpg,trash
trash_00323.jpg,trash
paper_00628.jpg,paper
metal_02487.jpg,metal
metal_00274.jpg,metal
metal_01566.jpg,metal
trash_06012.jpg,trash
paper_02822.jpg,paper
plastic_01408.jpg,plastic
glass_03356.jpg,glass
paper_02779.jpg,paper
metal_01352.jpg,metal
trash_00836.jpg,trash
glass_05384.jpg,glass
paper_02450.jpg,paper
cardboard_01543.jpg,cardboard
trash_08735.jpg,trash
glass_03307.jpg,glass
trash_07617.jpg,trash
trash_14639.jpg,trash
cardboard_02934.jpg,cardboard
trash_06704.jpg,trash
glass_04851.jpg,glass
cardboard_01422.jpg,cardboard
paper_01799.jpg,paper
glass_01687.jpg,glass
cardboard_01480.jpg,cardboard
plastic_02211.jpg,plastic
glass_04773.jpg,glass
trash_12979.jpg,trash
glass_02754.jpg,glass
paper_02064.jpg,paper
metal_02693.jpg,metal
cardboard_01608.jpg,cardboard
plastic_02892.jpg,plastic
glass_03795.jpg,glass
paper_01817.jpg,paper
paper_03110.jpg,paper
plastic_02843.jpg,plastic
glass_03723.jpg,glass
plastic_02152.jpg,plastic
plastic_00485.jpg,plastic
plastic_01026.jpg,plastic
metal_01234.jpg,metal
metal_02718.jpg,metal
plastic_01069.jpg,plastic
plastic_01311.jpg,plastic
paper_02867.jpg,paper
trash_19310.jpg,trash
trash_15161.jpg,trash
paper_01338.jpg,paper
metal_01364.jpg,metal
metal_01704.jpg,metal
paper_00067.jpg,paper
trash_12426.jpg,trash
glass_00574.jpg,glass
cardboard_00436.jpg,cardboard
trash_06868.jpg,trash
metal_00412.jpg,metal
cardboard_02330.jpg,cardboard
plastic_03251.jpg,plastic
trash_06249.jpg,trash
paper_03270.jpg,paper
cardboard_00001.jpg,cardboard
metal_01308.jpg,metal
trash_00229.jpg,trash
glass_01483.jpg,glass
glass_02163.jpg,glass
glass_04328.jpg,glass
cardboard_02706.jpg,cardboard
trash_02497.jpg,trash
trash_10572.jpg,trash
plastic_02888.jpg,plastic
trash_09219.jpg,trash
trash_15355.jpg,trash
paper_00597.jpg,paper
glass_01437.jpg,glass
paper_00022.jpg,paper
metal_00860.jpg,metal
metal_01399.jpg,metal
paper_01190.jpg,paper
metal_02184.jpg,metal
glass_01382.jpg,glass
glass_00169.jpg,glass
cardboard_02442.jpg,cardboard
metal_00524.jpg,metal
plastic_02953.jpg,plastic
glass_05082.jpg,glass
metal_02064.jpg,metal
cardboard_01766.jpg,cardboard
paper_01816.jpg,paper
glass_03747.jpg,glass
metal_01539.jpg,metal
glass_02592.jpg,glass
plastic_00517.jpg,plastic
trash_02850.jpg,trash
plastic_01157.jpg,plastic
glass_02758.jpg,glass
trash_11605.jpg,trash
paper_00769.jpg,paper
trash_00299.jpg,trash
paper_02125.jpg,paper
trash_08003.jpg,trash
metal_02176.jpg,metal
cardboard_02955.jpg,cardboard
paper_02319.jpg,paper
plastic_00755.jpg,plastic
plastic_02746.jpg,plastic
cardboard_00124.jpg,cardboard
plastic_03302.jpg,plastic
glass_02064.jpg,glass
glass_05429.jpg,glass
trash_19317.jpg,trash
glass_02202.jpg,glass
paper_00433.jpg,paper
cardboard_00965.jpg,cardboard
plastic_03170.jpg,plastic
paper_02939.jpg,paper
trash_18153.jpg,trash
metal_02710.jpg,metal
metal_02683.jpg,metal
metal_00827.jpg,metal
plastic_00581.jpg,plastic
glass_03952.jpg,glass
glass_04999.jpg,glass
trash_09977.jpg,trash
cardboard_00451.jpg,cardboard
glass_03836.jpg,glass
trash_06816.jpg,trash
cardboard_02382.jpg,cardboard
plastic_03155.jpg,plastic
paper_02310.jpg,paper
trash_05690.jpg,trash
trash_13664.jpg,trash
plastic_02575.jpg,plastic
paper_01790.jpg,paper
trash_13396.jpg,trash
glass_00833.jpg,glass
paper_01454.jpg,paper
metal_01349.jpg,metal
glass_04739.jpg,glass
metal_00254.jpg,metal
trash_02841.jpg,trash
metal_01776.jpg,metal
cardboard_00997.jpg,cardboard
glass_01593.jpg,glass
glass_00874.jpg,glass
metal_02450.jpg,metal
metal_01887.jpg,metal
glass_02484.jpg,glass
metal_00521.jpg,metal
trash_19974.jpg,trash
plastic_02579.jpg,plastic
metal_01585.jpg,metal
metal_02516.jpg,metal
plastic_02527.jpg,plastic
plastic_01526.jpg,plastic
metal_01098.jpg,metal
metal_01466.jpg,metal
metal_02424.jpg,metal
plastic_02166.jpg,plastic
trash_20161.jpg,trash
trash_14570.jpg,trash
trash_04166.jpg,trash
glass_04360.jpg,glass
metal_01149.jpg,metal
plastic_02140.jpg,plastic
glass_05451.jpg,glass
plastic_01191.jpg,plastic
glass_02790.jpg,glass
paper_02497.jpg,paper
trash_05612.jpg,trash
plastic_02391.jpg,plastic
cardboard_02029.jpg,cardboard
metal_01358.jpg,metal
glass_03238.jpg,glass
plastic_03020.jpg,plastic
metal_02397.jpg,metal
trash_12223.jpg,trash
plastic_00621.jpg,plastic
paper_01705.jpg,paper
trash_10570.jpg,trash
glass_00373.jpg,glass
glass_01932.jpg,glass
metal_02263.jpg,metal
cardboard_02301.jpg,cardboard
metal_00432.jpg,metal
trash_01319.jpg,trash
trash_09804.jpg,trash
trash_18862.jpg,trash
plastic_01385.jpg,plastic
glass_03090.jpg,glass
glass_04781.jpg,glass
cardboard_02973.jpg,cardboard
glass_05270.jpg,glass
glass_02873.jpg,glass
cardboard_01984.jpg,cardboard
glass_02608.jpg,glass
plastic_02555.jpg,plastic
paper_02791.jpg,paper
plastic_01839.jpg,plastic
cardboard_03017.jpg,cardboard
trash_19865.jpg,trash
glass_03337.jpg,glass
cardboard_01664.jpg,cardboard
plastic_02898.jpg,plastic
metal_00439.jpg,metal
paper_03162.jpg,paper
cardboard_00211.jpg,cardboard
cardboard_00245.jpg,cardboard
glass_03638.jpg,glass
plastic_00155.jpg,plastic
paper_02312.jpg,paper
metal_00562.jpg,metal
metal_02670.jpg,metal
glass_05443.jpg,glass
metal_01556.jpg,metal
glass_01438.jpg,glass
trash_16585.jpg,trash
glass_03804.jpg,glass
trash_11303.jpg,trash
glass_04012.jpg,glass
metal_02390.jpg,metal
trash_14646.jpg,trash
metal_01389.jpg,metal
cardboard_01912.jpg,cardboard
trash_08555.jpg,trash
paper_03266.jpg,paper
metal_02094.jpg,metal
trash_03298.jpg,trash
glass_05490.jpg,glass
plastic_02431.jpg,plastic
metal_01375.jpg,metal
trash_03663.jpg,trash
plastic_02759.jpg,plastic
metal_02374.jpg,metal
paper_01111.jpg,paper
plastic_01795.jpg,plastic
metal_02355.jpg,metal
paper_02586.jpg,paper
plastic_00992.jpg,plastic
paper_03090.jpg,paper
glass_04527.jpg,glass
glass_02813.jpg,glass
metal_00849.jpg,metal
cardboard_02158.jpg,cardboard
metal_02305.jpg,metal
trash_00685.jpg,trash
paper_01022.jpg,paper
trash_18001.jpg,trash
trash_06117.jpg,trash
plastic_02109.jpg,plastic
trash_12115.jpg,trash
paper_01557.jpg,paper
paper_02976.jpg,paper
trash_10581.jpg,trash
plastic_00571.jpg,plastic
glass_02722.jpg,glass
trash_08311.jpg,trash
metal_02467.jpg,metal
metal_01250.jpg,metal
paper_02542.jpg,paper
plastic_01637.jpg,plastic
plastic_02963.jpg,plastic
cardboard_02848.jpg,cardboard
paper_00345.jpg,paper
paper_02622.jpg,paper
paper_01530.jpg,paper
plastic_02971.jpg,plastic
glass_04180.jpg,glass
glass_02998.jpg,glass
metal_02549.jpg,metal
glass_05532.jpg,glass
paper_02696.jpg,paper
cardboard_00249.jpg,cardboard
trash_08483.jpg,trash
trash_19995.jpg,trash
metal_02071.jpg,metal
plastic_00863.jpg,plastic
glass_02055.jpg,glass
trash_07193.jpg,trash
plastic_01838.jpg,plastic
trash_12168.jpg,trash
cardboard_01527.jpg,cardboard
plastic_01278.jpg,plastic
trash_08303.jpg,trash
plastic_03168.jpg,plastic
metal_02010.jpg,metal
paper_00847.jpg,paper
cardboard_01419.jpg,cardboard
trash_01664.jpg,trash
plastic_02442.jpg,plastic
plastic_01466.jpg,plastic
trash_00354.jpg,trash
glass_03597.jpg,glass
trash_04890.jpg,trash
plastic_02590.jpg,plastic
metal_02446.jpg,metal
metal_01414.jpg,metal
metal_00744.jpg,metal
plastic_01967.jpg,plastic
plastic_01961.jpg,plastic
paper_03319.jpg,paper
plastic_01081.jpg,plastic
glass_03000.jpg,glass
metal_01955.jpg,metal
plastic_02273.jpg,plastic
paper_02107.jpg,paper
trash_06547.jpg,trash
trash_19344.jpg,trash
plastic_02006.jpg,plastic
glass_00888.jpg,glass
glass_02278.jpg,glass
paper_01644.jpg,paper
cardboard_00594.jpg,cardboard
paper_00774.jpg,paper
glass_00331.jpg,glass
trash_18692.jpg,trash
glass_01311.jpg,glass
trash_14693.jpg,trash
trash_08875.jpg,trash
metal_01518.jpg,metal
glass_04308.jpg,glass
paper_02112.jpg,paper
trash_02654.jpg,trash
trash_04089.jpg,trash
cardboard_01465.jpg,cardboard
glass_03310.jpg,glass
cardboard_03064.jpg,cardboard
cardboard_00919.jpg,cardboard
glass_03944.jpg,glass
glass_04805.jpg,glass
glass_05348.jpg,glass
plastic_01040.jpg,plastic
glass_03287.jpg,glass
trash_09806.jpg,trash
glass_03082.jpg,glass
metal_02695.jpg,metal
glass_02482.jpg,glass
cardboard_02059.jpg,cardboard
paper_02642.jpg,paper
cardboard_02192.jpg,cardboard
paper_01285.jpg,paper
cardboard_00680.jpg,cardboard
glass_01675.jpg,glass
metal_01783.jpg,metal
trash_13435.jpg,trash
paper_02170.jpg,paper
plastic_02860.jpg,plastic
paper_01934.jpg,paper
glass_01020.jpg,glass
metal_00152.jpg,metal
cardboard_01418.jpg,cardboard
metal_01687.jpg,metal
glass_00458.jpg,glass
glass_03563.jpg,glass
cardboard_02549.jpg,cardboard
glass_02930.jpg,glass
trash_02764.jpg,trash
paper_02192.jpg,paper
cardboard_02885.jpg,cardboard
trash_00752.jpg,trash
plastic_01636.jpg,plastic
cardboard_00084.jpg,cardboard
plastic_03243.jpg,plastic
cardboard_02449.jpg,cardboard
cardboard_00174.jpg,cardboard
glass_00692.jpg,glass
trash_17364.jpg,trash
metal_01985.jpg,metal
glass_01418.jpg,glass
glass_03190.jpg,glass
cardboard_02661.jpg,cardboard
paper_00817.jpg,paper
trash_09665.jpg,trash
cardboard_02600.jpg,cardboard
cardboard_01049.jpg,cardboard
cardboard_00231.jpg,cardboard
cardboard_02287.jpg,cardboard
glass_03713.jpg,glass
trash_01079.jpg,trash
trash_09950.jpg,trash
plastic_01640.jpg,plastic
metal_02674.jpg,metal
glass_00503.jpg,glass
plastic_01317.jpg,plastic
trash_01690.jpg,trash
paper_01029.jpg,paper
metal_01715.jpg,metal
paper_02877.jpg,paper
plastic_02686.jpg,plastic
cardboard_02238.jpg,cardboard
trash_17400.jpg,trash
metal_01760.jpg,metal
metal_01279.jpg,metal
paper_01251.jpg,paper
trash_16001.jpg,trash
metal_01862.jpg,metal
plastic_01043.jpg,plastic
plastic_01956.jpg,plastic
paper_02647.jpg,paper
plastic_02116.jpg,plastic
paper_01255.jpg,paper
plastic_01419.jpg,plastic
plastic_02069.jpg,plastic
glass_00726.jpg,glass
trash_11865.jpg,trash
glass_03574.jpg,glass
cardboard_03104.jpg,cardboard
paper_02290.jpg,paper
metal_00028.jpg,metal
metal_01376.jpg,metal
trash_00862.jpg,trash
cardboard_02570.jpg,cardboard
glass_02787.jpg,glass
metal_01993.jpg,metal
paper_02203.jpg,paper
trash_13675.jpg,trash
paper_01313.jpg,paper
trash_19168.jpg,trash
metal_02118.jpg,metal
trash_20230.jpg,trash
plastic_03201.jpg,plastic
trash_01971.jpg,trash
trash_07296.jpg,trash
glass_00003.jpg,glass
cardboard_01896.jpg,cardboard
cardboard_02215.jpg,cardboard
metal_00845.jpg,metal
metal_02555.jpg,metal
plastic_01542.jpg,plastic
cardboard_02075.jpg,cardboard
cardboard_00677.jpg,cardboard
glass_05313.jpg,glass
glass_02098.jpg,glass
paper_00572.jpg,paper
trash_04566.jpg,trash
plastic_02717.jpg,plastic
metal_02675.jpg,metal
metal_02466.jpg,metal
plastic_01919.jpg,plastic
metal_01813.jpg,metal
cardboard_02596.jpg,cardboard
plastic_02668.jpg,plastic
glass_04304.jpg,glass
plastic_02935.jpg,plastic
plastic_02379.jpg,plastic
trash_07730.jpg,trash
trash_09627.jpg,trash
trash_03876.jpg,trash
paper_02403.jpg,paper
metal_00059.jpg,metal
cardboard_01342.jpg,cardboard
plastic_00969.jpg,plastic
plastic_02706.jpg,plastic
glass_01969.jpg,glass
paper_02280.jpg,paper
metal_01150.jpg,metal
paper_00350.jpg,paper
glass_03232.jpg,glass
cardboard_00261.jpg,cardboard
trash_17706.jpg,trash
metal_01119.jpg,metal
plastic_02661.jpg,plastic
plastic_02730.jpg,plastic
cardboard_02796.jpg,cardboard
plastic_02826.jpg,plastic
trash_01634.jpg,trash
glass_05200.jpg,glass
paper_02707.jpg,paper
paper_03301.jpg,paper
trash_20231.jpg,trash
plastic_01555.jpg,plastic
cardboard_01168.jpg,cardboard
metal_01317.jpg,metal
glass_02541.jpg,glass
metal_02624.jpg,metal
glass_04146.jpg,glass
glass_01131.jpg,glass
glass_02467.jpg,glass
glass_03657.jpg,glass
cardboard_02836.jpg,cardboard
cardboard_01518.jpg,cardboard
paper_01927.jpg,paper
cardboard_00593.jpg,cardboard
paper_00601.jpg,paper
plastic_00978.jpg,plastic
metal_02724.jpg,metal
cardboard_02474.jpg,cardboard
plastic_02495.jpg,plastic
glass_04758.jpg,glass
metal_02559.jpg,metal
cardboard_02040.jpg,cardboard
paper_01995.jpg,paper
paper_03312.jpg,paper
cardboard_00690.jpg,cardboard
metal_01168.jpg,metal
cardboard_00147.jpg,cardboard
paper_01935.jpg,paper
plastic_00318.jpg,plastic
paper_00310.jpg,paper
paper_01476.jpg,paper
glass_01625.jpg,glass
glass_04468.jpg,glass
metal_02447.jpg,metal
paper_02709.jpg,paper
cardboard_02980.jpg,cardboard
paper_00948.jpg,paper
metal_01523.jpg,metal
plastic_00182.jpg,plastic
paper_01487.jpg,paper
paper_02544.jpg,paper
cardboard_01546.jpg,cardboard
metal_00774.jpg,metal
plastic_01089.jpg,plastic
trash_09943.jpg,trash
cardboard_00559.jpg,cardboard
plastic_02789.jpg,plastic
plastic_02535.jpg,plastic
cardboard_02770.jpg,cardboard
plastic_00771.jpg,plastic
cardboard_01771.jpg,cardboard
plastic_02891.jpg,plastic
plastic_00889.jpg,plastic
metal_02023.jpg,metal
cardboard_00031.jpg,cardboard
paper_00539.jpg,paper
metal_00395.jpg,metal
plastic_01229.jpg,plastic
glass_02344.jpg,glass
plastic_01673.jpg,plastic
glass_01446.jpg,glass
trash_07738.jpg,trash
metal_01607.jpg,metal
paper_02973.jpg,paper
metal_00824.jpg,metal
cardboard_01758.jpg,cardboard
paper_00703.jpg,paper
metal_00235.jpg,metal
cardboard_02660.jpg,cardboard
cardboard_00320.jpg,cardboard
glass_00632.jpg,glass
trash_16534.jpg,trash
metal_02020.jpg,metal
paper_02669.jpg,paper
metal_01762.jpg,metal
paper_02208.jpg,paper
metal_01024.jpg,metal
trash_17551.jpg,trash
cardboard_01531.jpg,cardboard
cardboard_00957.jpg,cardboard
metal_02077.jpg,metal
cardboard_01313.jpg,cardboard
trash_10895.jpg,trash
trash_04047.jpg,trash
cardboard_02595.jpg,cardboard
metal_02265.jpg,metal
plastic_02307.jpg,plastic
metal_01933.jpg,metal
cardboard_02758.jpg,cardboard
trash_11922.jpg,trash
paper_02751.jpg,paper
glass_01788.jpg,glass
trash_12368.jpg,trash
paper_01254.jpg,paper
cardboard_02436.jpg,cardboard
paper_01361.jpg,paper
metal_00105.jpg,metal
plastic_02475.jpg,plastic
cardboard_00098.jpg,cardboard
trash_19453.jpg,trash
glass_01689.jpg,glass
glass_04006.jpg,glass
glass_04474.jpg,glass
paper_02981.jpg,paper
paper_02881.jpg,paper
cardboard_01964.jpg,cardboard
cardboard_01695.jpg,cardboard
glass_03231.jpg,glass
glass_03021.jpg,glass
paper_02604.jpg,paper
plastic_03310.jpg,plastic
glass_00849.jpg,glass
paper_00692.jpg,paper
glass_02624.jpg,glass
paper_02959.jpg,paper
glass_03468.jpg,glass
glass_01532.jpg,glass
glass_05144.jpg,glass
trash_15504.jpg,trash
glass_01165.jpg,glass
plastic_02526.jpg,plastic
trash_02171.jpg,trash
cardboard_02204.jpg,cardboard
glass_04339.jpg,glass
plastic_02280.jpg,plastic
plastic_02847.jpg,plastic
glass_03594.jpg,glass
paper_03271.jpg,paper
glass_03047.jpg,glass
plastic_02009.jpg,plastic
metal_01430.jpg,metal
metal_02537.jpg,metal
cardboard_00713.jpg,cardboard
metal_02449.jpg,metal
trash_20021.jpg,trash
cardboard_02876.jpg,cardboard
glass_03503.jpg,glass
trash_00767.jpg,trash
trash_03611.jpg,trash
glass_02518.jpg,glass
glass_00485.jpg,glass
trash_09276.jpg,trash
cardboard_02345.jpg,cardboard
plastic_02723.jpg,plastic
cardboard_00815.jpg,cardboard
trash_03954.jpg,trash
metal_01621.jpg,metal
glass_01256.jpg,glass
paper_02145.jpg,paper
paper_00136.jpg,paper
cardboard_01772.jpg,cardboard
metal_02544.jpg,metal
plastic_00600.jpg,plastic
plastic_02875.jpg,plastic
metal_00895.jpg,metal
metal_00425.jpg,metal
paper_02927.jpg,paper
plastic_02494.jpg,plastic
plastic_02638.jpg,plastic
trash_17372.jpg,trash
trash_02244.jpg,trash
paper_03235.jpg,paper
glass_03020.jpg,glass
cardboard_02580.jpg,cardboard
glass_03833.jpg,glass
glass_00159.jpg,glass
trash_05959.jpg,trash
paper_02925.jpg,paper
metal_01484.jpg,metal
trash_18465.jpg,trash
trash_16844.jpg,trash
metal_00005.jpg,metal
metal_00434.jpg,metal
cardboard_02291.jpg,cardboard
glass_02929.jpg,glass
cardboard_00678.jpg,cardboard
trash_20114.jpg,trash
plastic_00003.jpg,plastic
trash_07682.jpg,trash
glass_00312.jpg,glass
cardboard_02624.jpg,cardboard
cardboard_00581.jpg,cardboard
plastic_03316.jpg,plastic
plastic_02192.jpg,plastic
cardboard_02961.jpg,cardboard
trash_19517.jpg,trash
paper_02769.jpg,paper
paper_03258.jpg,paper
paper_02369.jpg,paper
cardboard_02639.jpg,cardboard
glass_02789.jpg,glass
glass_04263.jpg,glass
plastic_00086.jpg,plastic
glass_01029.jpg,glass
glass_01957.jpg,glass
paper_01960.jpg,paper
trash_15793.jpg,trash
plastic_01868.jpg,plastic
cardboard_03097.jpg,cardboard
cardboard_00938.jpg,cardboard
trash_01354.jpg,trash
trash_16647.jpg,trash
paper_01389.jpg,paper
cardboard_02898.jpg,cardboard
glass_03669.jpg,glass
cardboard_02610.jpg,cardboard
paper_01329.jpg,paper
glass_02328.jpg,glass
metal_02477.jpg,metal
glass_04731.jpg,glass
plastic_00787.jpg,plastic
metal_02452.jpg,metal
cardboard_01115.jpg,cardboard
metal_02157.jpg,metal
glass_02889.jpg,glass
cardboard_00355.jpg,cardboard
trash_03421.jpg,trash
plastic_01831.jpg,plastic
trash_12746.jpg,trash
cardboard_00838.jpg,cardboard
glass_05034.jpg,glass
paper_02722.jpg,paper
trash_01592.jpg,trash
plastic_02853.jpg,plastic
trash_18938.jpg,trash
trash_01791.jpg,trash
paper_02490.jpg,paper
plastic_00232.jpg,plastic
trash_00809.jpg,trash
plastic_01790.jpg,plastic
glass_01643.jpg,glass
glass_01834.jpg,glass
plastic_02583.jpg,plastic
metal_00349.jpg,metal
plastic_00810.jpg,plastic
plastic_01648.jpg,plastic
cardboard_01748.jpg,cardboard
glass_00002.jpg,glass
paper_02088.jpg,paper
plastic_01788.jpg,plastic
trash_12303.jpg,trash
glass_00524.jpg,glass
metal_01377.jpg,metal
plastic_01096.jpg,plastic
trash_10900.jpg,trash
cardboard_01619.jpg,cardboard
trash_18583.jpg,trash
trash_13045.jpg,trash
glass_00403.jpg,glass
glass_04235.jpg,glass
paper_01463.jpg,paper
metal_00631.jpg,metal
glass_01129.jpg,glass
paper_02452.jpg,paper
glass_01152.jpg,glass
plastic_00769.jpg,plastic
glass_04577.jpg,glass
plastic_02917.jpg,plastic
cardboard_01770.jpg,cardboard
glass_00703.jpg,glass
paper_00054.jpg,paper
metal_02633.jpg,metal
cardboard_00536.jpg,cardboard
plastic_01226.jpg,plastic
paper_01529.jpg,paper
cardboard_00015.jpg,cardboard
plastic_02098.jpg,plastic
glass_01843.jpg,glass
metal_01748.jpg,metal
glass_04358.jpg,glass
trash_08294.jpg,trash
cardboard_02427.jpg,cardboard
glass_05329.jpg,glass
trash_11679.jpg,trash
trash_15279.jpg,trash
trash_05622.jpg,trash
trash_13291.jpg,trash
metal_01871.jpg,metal
trash_05954.jpg,trash
glass_03246.jpg,glass
glass_02060.jpg,glass
glass_03646.jpg,glass
cardboard_02174.jpg,cardboard
trash_05686.jpg,trash
paper_02762.jpg,paper
glass_04796.jpg,glass
glass_05256.jpg,glass
plastic_03259.jpg,plastic
glass_02045.jpg,glass
paper_01376.jpg,paper
glass_00483.jpg,glass
trash_11273.jpg,trash
cardboard_02244.jpg,cardboard
plastic_01610.jpg,plastic
paper_02495.jpg,paper
plastic_02920.jpg,plastic
trash_19841.jpg,trash
glass_02762.jpg,glass
metal_00842.jpg,metal
paper_00333.jpg,paper
trash_07494.jpg,trash
plastic_01759.jpg,plastic
trash_01136.jpg,trash
glass_04178.jpg,glass
glass_05439.jpg,glass
trash_06744.jpg,trash
metal_02007.jpg,metal
trash_10347.jpg,trash
plastic_02343.jpg,plastic
plastic_03321.jpg,plastic
glass_04159.jpg,glass
plastic_02435.jpg,plastic
plastic_01674.jpg,plastic
cardboard_01623.jpg,cardboard
glass_05366.jpg,glass
trash_19701.jpg,trash
paper_02520.jpg,paper
metal_01479.jpg,metal
plastic_02556.jpg,plastic
plastic_02927.jpg,plastic
glass_05458.jpg,glass
cardboard_00173.jpg,cardboard
paper_02254.jpg,paper
metal_02056.jpg,metal
metal_01363.jpg,metal
cardboard_01529.jpg,cardboard
trash_11875.jpg,trash
trash_13873.jpg,trash
cardboard_02049.jpg,cardboard
cardboard_02459.jpg,cardboard
paper_02427.jpg,paper
metal_02642.jpg,metal
trash_18996.jpg,trash
plastic_02820.jpg,plastic
trash_06922.jpg,trash
cardboard_01633.jpg,cardboard
trash_00066.jpg,trash
plastic_01512.jpg,plastic
trash_10049.jpg,trash
glass_00539.jpg,glass
plastic_02029.jpg,plastic
metal_01540.jpg,metal
plastic_00793.jpg,plastic
plastic_03136.jpg,plastic
cardboard_01455.jpg,cardboard
paper_01555.jpg,paper
paper_02243.jpg,paper
glass_01943.jpg,glass
trash_10711.jpg,trash
metal_00624.jpg,metal
cardboard_00920.jpg,cardboard
paper_01264.jpg,paper
glass_04665.jpg,glass
glass_05145.jpg,glass
glass_01873.jpg,glass
trash_19614.jpg,trash
glass_02086.jpg,glass
trash_16216.jpg,trash
cardboard_02181.jpg,cardboard
glass_01149.jpg,glass
metal_02673.jpg,metal
trash_16991.jpg,trash
paper_02358.jpg,paper
glass_04475.jpg,glass
glass_02168.jpg,glass
glass_02726.jpg,glass
cardboard_02927.jpg,cardboard
metal_02253.jpg,metal
paper_00404.jpg,paper
plastic_01705.jpg,plastic
cardboard_01874.jpg,cardboard
glass_04120.jpg,glass
metal_02207.jpg,metal
trash_02982.jpg,trash
glass_01227.jpg,glass
plastic_02082.jpg,plastic
metal_00765.jpg,metal
cardboard_02785.jpg,cardboard
paper_01455.jpg,paper
paper_02265.jpg,paper
glass_02185.jpg,glass
metal_02266.jpg,metal
trash_07289.jpg,trash
trash_02571.jpg,trash
paper_03008.jpg,paper
trash_15381.jpg,trash
cardboard_01920.jpg,cardboard
trash_05713.jpg,trash
glass_00058.jpg,glass
glass_03266.jpg,glass
plastic_02212.jpg,plastic
glass_04875.jpg,glass
glass_03889.jpg,glass
glass_03255.jpg,glass
cardboard_02762.jpg,cardboard
trash_00572.jpg,trash
metal_00608.jpg,metal
metal_00495.jpg,metal
paper_01792.jpg,paper
glass_01486.jpg,glass
glass_03351.jpg,glass
cardboard_02196.jpg,cardboard
cardboard_00440.jpg,cardboard
trash_09007.jpg,trash
metal_02703.jpg,metal
glass_04264.jpg,glass
paper_02589.jpg,paper
cardboard_00540.jpg,cardboard
glass_05089.jpg,glass
trash_15171.jpg,trash
trash_09222.jpg,trash
plastic_00374.jpg,plastic
trash_13565.jpg,trash
metal_01973.jpg,metal
plastic_01728.jpg,plastic
glass_05157.jpg,glass
paper_00407.jpg,paper
trash_03163.jpg,trash
glass_03811.jpg,glass
glass_01524.jpg,glass
paper_01769.jpg,paper
paper_03250.jpg,paper
glass_03160.jpg,glass
cardboard_00996.jpg,cardboard
glass_03073.jpg,glass
plastic_00606.jpg,plastic
cardboard_02672.jpg,cardboard
paper_02602.jpg,paper
metal_01859.jpg,metal
plastic_02013.jpg,plastic
glass_04550.jpg,glass
glass_03155.jpg,glass
glass_05289.jpg,glass
plastic_00579.jpg,plastic
cardboard_02767.jpg,cardboard
metal_02170.jpg,metal
trash_11444.jpg,trash
plastic_01358.jpg,plastic
trash_08594.jpg,trash
trash_07526.jpg,trash
trash_08636.jpg,trash
plastic_02385.jpg,plastic
plastic_01267.jpg,plastic
glass_03483.jpg,glass
metal_01998.jpg,metal
trash_16522.jpg,trash
paper_01269.jpg,paper
paper_01034.jpg,paper
plastic_03086.jpg,plastic
glass_00024.jpg,glass
cardboard_01046.jpg,cardboard
paper_03315.jpg,paper
paper_03200.jpg,paper
plastic_02210.jpg,plastic
paper_01749.jpg,paper
trash_17399.jpg,trash
metal_02330.jpg,metal
paper_01739.jpg,paper
glass_03252.jpg,glass
paper_03065.jpg,paper
plastic_02405.jpg,plastic
glass_05285.jpg,glass
paper_03081.jpg,paper
cardboard_02482.jpg,cardboard
trash_04010.jpg,trash
trash_00394.jpg,trash
paper_01883.jpg,paper
plastic_02918.jpg,plastic
plastic_02444.jpg,plastic
paper_03208.jpg,paper
trash_02232.jpg,trash
glass_03919.jpg,glass
cardboard_02947.jpg,cardboard
metal_02721.jpg,metal
plastic_00657.jpg,plastic
paper_03298.jpg,paper
trash_17258.jpg,trash
plastic_01323.jpg,plastic
glass_05315.jpg,glass
cardboard_02685.jpg,cardboard
plastic_03039.jpg,plastic
glass_01023.jpg,glass
paper_02270.jpg,paper
metal_01628.jpg,metal
cardboard_02131.jpg,cardboard
plastic_00900.jpg,plastic
cardboard_02981.jpg,cardboard
metal_02084.jpg,metal
glass_03043.jpg,glass
cardboard_00927.jpg,cardboard
cardboard_01549.jpg,cardboard
paper_01339.jpg,paper
plastic_02409.jpg,plastic
glass_03486.jpg,glass
trash_03964.jpg,trash
glass_01556.jpg,glass
trash_14150.jpg,trash
plastic_02908.jpg,plastic
paper_00813.jpg,paper
trash_06966.jpg,trash
paper_02235.jpg,paper
plastic_01717.jpg,plastic
trash_19283.jpg,trash
cardboard_03111.jpg,cardboard
cardboard_01279.jpg,cardboard
paper_02510.jpg,paper
plastic_00267.jpg,plastic
metal_02621.jpg,metal
cardboard_02015.jpg,cardboard
plastic_02883.jpg,plastic
trash_02490.jpg,trash
trash_04490.jpg,trash
trash_00652.jpg,trash
glass_01976.jpg,glass
plastic_01064.jpg,plastic
plastic_02327.jpg,plastic
paper_00904.jpg,paper
glass_02935.jpg,glass
metal_00390.jpg,metal
cardboard_02654.jpg,cardboard
cardboard_01754.jpg,cardboard
trash_19022.jpg,trash
plastic_00543.jpg,plastic
glass_02039.jpg,glass
paper_01434.jpg,paper
cardboard_02079.jpg,cardboard
cardboard_00978.jpg,cardboard
paper_02704.jpg,paper
cardboard_02526.jpg,cardboard
plastic_01155.jpg,plastic
cardboard_00532.jpg,cardboard
trash_08290.jpg,trash
metal_00710.jpg,metal
trash_13787.jpg,trash
cardboard_01484.jpg,cardboard
metal_01287.jpg,metal
trash_18075.jpg,trash
paper_00623.jpg,paper
plastic_03133.jpg,plastic
cardboard_01947.jpg,cardboard
plastic_02533.jpg,plastic
paper_02964.jpg,paper
glass_00603.jpg,glass
plastic_01852.jpg,plastic
cardboard_02117.jpg,cardboard
metal_02164.jpg,metal
trash_12346.jpg,trash
trash_14149.jpg,trash
cardboard_02916.jpg,cardboard
trash_06183.jpg,trash
paper_00763.jpg,paper
metal_01772.jpg,metal
glass_02411.jpg,glass
plastic_03032.jpg,plastic
cardboard_00422.jpg,cardboard
trash_16634.jpg,trash
paper_02809.jpg,paper
cardboard_02223.jpg,cardboard
cardboard_00417.jpg,cardboard
cardboard_02113.jpg,cardboard
paper_00747.jpg,paper
plastic_02305.jpg,plastic
plastic_01915.jpg,plastic
plastic_00208.jpg,plastic
plastic_01233.jpg,plastic
glass_00636.jpg,glass
paper_02926.jpg,paper
glass_00469.jpg,glass
glass_05252.jpg,glass
paper_01049.jpg,paper
trash_03387.jpg,trash
metal_01369.jpg,metal
plastic_01923.jpg,plastic
plastic_02301.jpg,plastic
plastic_03261.jpg,plastic
trash_07470.jpg,trash
glass_00219.jpg,glass
plastic_01008.jpg,plastic
cardboard_02997.jpg,cardboard
paper_00192.jpg,paper
glass_02947.jpg,glass
glass_02999.jpg,glass
plastic_02146.jpg,plastic
cardboard_02860.jpg,cardboard
paper_01165.jpg,paper
paper_02362.jpg,paper
cardboard_01620.jpg,cardboard
plastic_02023.jpg,plastic
plastic_02903.jpg,plastic
metal_02373.jpg,metal
cardboard_02772.jpg,cardboard
metal_01694.jpg,metal
plastic_00724.jpg,plastic
glass_04119.jpg,glass
plastic_01133.jpg,plastic
plastic_01844.jpg,plastic
glass_02193.jpg,glass
paper_00124.jpg,paper
plastic_02832.jpg,plastic
cardboard_02280.jpg,cardboard
glass_01911.jpg,glass
paper_02737.jpg,paper
metal_02324.jpg,metal
trash_06893.jpg,trash
plastic_02705.jpg,plastic
plastic_03279.jpg,plastic
cardboard_01859.jpg,cardboard
cardboard_01802.jpg,cardboard
trash_06724.jpg,trash
plastic_01963.jpg,plastic
glass_04466.jpg,glass
cardboard_01922.jpg,cardboard
cardboard_02022.jpg,cardboard
cardboard_01786.jpg,cardboard
plastic_02340.jpg,plastic
trash_11166.jpg,trash
paper_01265.jpg,paper
metal_01997.jpg,metal
trash_06068.jpg,trash
cardboard_01585.jpg,cardboard
cardboard_01951.jpg,cardboard
paper_02870.jpg,paper
metal_00739.jpg,metal
paper_01832.jpg,paper
glass_00551.jpg,glass
glass_03198.jpg,glass
plastic_02554.jpg,plastic
cardboard_02694.jpg,cardboard
trash_19611.jpg,trash
paper_02218.jpg,paper
paper_02706.jpg,paper
plastic_02738.jpg,plastic
trash_20051.jpg,trash
cardboard_01568.jpg,cardboard
metal_02441.jpg,metal
cardboard_02067.jpg,cardboard
cardboard_02586.jpg,cardboard
trash_00429.jpg,trash
glass_00980.jpg,glass
glass_01507.jpg,glass
paper_01706.jpg,paper
trash_10720.jpg,trash
glass_03123.jpg,glass
trash_01999.jpg,trash
plastic_02983.jpg,plastic
plastic_01792.jpg,plastic
trash_04082.jpg,trash
paper_01293.jpg,paper
trash_11049.jpg,trash
paper_01588.jpg,paper
trash_15789.jpg,trash
trash_14503.jpg,trash
cardboard_02054.jpg,cardboard
glass_01008.jpg,glass
cardboard_00329.jpg,cardboard
paper_03055.jpg,paper
trash_12546.jpg,trash
trash_08718.jpg,trash
glass_00558.jpg,glass
metal_00545.jpg,metal
trash_13785.jpg,trash
paper_02850.jpg,paper
metal_01487.jpg,metal
cardboard_02176.jpg,cardboard
cardboard_00447.jpg,cardboard
plastic_01240.jpg,plastic
metal_01228.jpg,metal
trash_15783.jpg,trash
metal_01941.jpg,metal
glass_03775.jpg,glass
plastic_02930.jpg,plastic
glass_03408.jpg,glass
cardboard_01706.jpg,cardboard
trash_02043.jpg,trash
paper_01986.jpg,paper
paper_02905.jpg,paper
plastic_03164.jpg,plastic
trash_01040.jpg,trash
metal_01588.jpg,metal
glass_03707.jpg,glass
cardboard_02236.jpg,cardboard
plastic_02291.jpg,plastic
paper_00942.jpg,paper
cardboard_00224.jpg,cardboard
plastic_01976.jpg,plastic
metal_01219.jpg,metal
glass_05299.jpg,glass
plastic_01088.jpg,plastic
paper_01321.jpg,paper
metal_00619.jpg,metal
trash_05353.jpg,trash
metal_01531.jpg,metal
paper_00775.jpg,paper
paper_01449.jpg,paper
plastic_02194.jpg,plastic
metal_02415.jpg,metal
trash_13842.jpg,trash
glass_00129.jpg,glass
glass_05319.jpg,glass
plastic_02688.jpg,plastic
trash_13588.jpg,trash
plastic_02758.jpg,plastic
paper_03153.jpg,paper
trash_09862.jpg,trash
plastic_02747.jpg,plastic
cardboard_03109.jpg,cardboard
cardboard_03114.jpg,cardboard
trash_03794.jpg,trash
paper_02015.jpg,paper
trash_02607.jpg,trash
paper_02947.jpg,paper
cardboard_02393.jpg,cardboard
glass_02015.jpg,glass
cardboard_02543.jpg,cardboard
plastic_02215.jpg,plastic
metal_01695.jpg,metal
paper_02404.jpg,paper
glass_04276.jpg,glass
paper_02202.jpg,paper
metal_00002.jpg,metal
cardboard_00861.jpg,cardboard
cardboard_03063.jpg,cardboard
cardboard_02105.jpg,cardboard
glass_02823.jpg,glass
plastic_01954.jpg,plastic
cardboard_02434.jpg,cardboard
glass_03361.jpg,glass
glass_05505.jpg,glass
trash_18151.jpg,trash
trash_18284.jpg,trash
plastic_03232.jpg,plastic
metal_02285.jpg,metal
trash_03956.jpg,trash
metal_02055.jpg,metal
plastic_02677.jpg,plastic
cardboard_02233.jpg,cardboard
metal_02093.jpg,metal
trash_16816.jpg,trash
cardboard_02574.jpg,cardboard
glass_02724.jpg,glass
metal_02230.jpg,metal
cardboard_01759.jpg,cardboard
metal_01600.jpg,metal
glass_02887.jpg,glass
trash_14601.jpg,trash
trash_18186.jpg,trash
paper_02938.jpg,paper
paper_02110.jpg,paper
plastic_01383.jpg,plastic
paper_02723.jpg,paper
paper_02780.jpg,paper
metal_01928.jpg,metal
glass_03799.jpg,glass
metal_02536.jpg,metal
glass_00070.jpg,glass
metal_01897.jpg,metal
plastic_02972.jpg,plastic
trash_14210.jpg,trash
paper_00788.jpg,paper
paper_01808.jpg,paper
cardboard_02842.jpg,cardboard
metal_02262.jpg,metal
metal_01775.jpg,metal
trash_08739.jpg,trash
trash_06269.jpg,trash
cardboard_02346.jpg,cardboard
cardboard_02253.jpg,cardboard
plastic_03273.jpg,plastic
plastic_02369.jpg,plastic
plastic_01516.jpg,plastic
plastic_03106.jpg,plastic
cardboard_01768.jpg,cardboard
cardboard_00709.jpg,cardboard
plastic_02319.jpg,plastic
trash_15999.jpg,trash
trash_19876.jpg,trash
plastic_01962.jpg,plastic
trash_12755.jpg,trash
cardboard_02530.jpg,cardboard
paper_01943.jpg,paper
cardboard_01603.jpg,cardboard
glass_05492.jpg,glass
paper_03033.jpg,paper
metal_02074.jpg,metal
paper_01056.jpg,paper
cardboard_02518.jpg,cardboard
trash_06242.jpg,trash
paper_01673.jpg,paper
metal_02342.jpg,metal
glass_02178.jpg,glass
metal_01420.jpg,metal
paper_02433.jpg,paper
glass_05194.jpg,glass
cardboard_01214.jpg,cardboard
paper_01523.jpg,paper
plastic_02180.jpg,plastic
glass_02923.jpg,glass
glass_00259.jpg,glass
metal_01210.jpg,metal
glass_00875.jpg,glass
glass_04197.jpg,glass
trash_08468.jpg,trash
glass_01472.jpg,glass
glass_04188.jpg,glass
cardboard_00781.jpg,cardboard
plastic_02584.jpg,plastic
metal_02391.jpg,metal
cardboard_00002.jpg,cardboard
glass_04138.jpg,glass
paper_01541.jpg,paper
plastic_01004.jpg,plastic
plastic_02300.jpg,plastic
cardboard_01940.jpg,cardboard
plastic_02226.jpg,plastic
glass_02184.jpg,glass
paper_00843.jpg,paper
plastic_02544.jpg,plastic
glass_05524.jpg,glass
plastic_01536.jpg,plastic
plastic_01807.jpg,plastic
cardboard_00483.jpg,cardboard
plastic_01502.jpg,plastic
plastic_02248.jpg,plastic
paper_00616.jpg,paper
trash_19883.jpg,trash
paper_02106.jpg,paper
paper_02700.jpg,paper
plastic_02993.jpg,plastic
trash_06438.jpg,trash
metal_02297.jpg,metal
plastic_02266.jpg,plastic
glass_01478.jpg,glass
glass_02479.jpg,glass
glass_05288.jpg,glass
metal_01605.jpg,metal
glass_01121.jpg,glass
paper_01177.jpg,paper
cardboard_02687.jpg,cardboard
glass_04448.jpg,glass
cardboard_03011.jpg,cardboard
metal_02550.jpg,metal
glass_00482.jpg,glass
plastic_02364.jpg,plastic
plastic_01783.jpg,plastic
metal_02008.jpg,metal
plastic_03013.jpg,plastic
cardboard_01193.jpg,cardboard
glass_01435.jpg,glass
metal_02371.jpg,metal
paper_00518.jpg,paper
glass_00419.jpg,glass
plastic_02941.jpg,plastic
glass_04139.jpg,glass
glass_04281.jpg,glass
cardboard_01282.jpg,cardboard
cardboard_01785.jpg,cardboard
cardboard_00788.jpg,cardboard
cardboard_00572.jpg,cardboard
cardboard_01526.jpg,cardboard
paper_02020.jpg,paper
metal_01237.jpg,metal
glass_02083.jpg,glass
cardboard_02698.jpg,cardboard
paper_03145.jpg,paper
plastic_00782.jpg,plastic
glass_05401.jpg,glass
metal_02662.jpg,metal
paper_02463.jpg,paper
plastic_03081.jpg,plastic
metal_01160.jpg,metal
metal_02607.jpg,metal
metal_01767.jpg,metal
plastic_03257.jpg,plastic
glass_00043.jpg,glass
metal_01226.jpg,metal
glass_02473.jpg,glass
cardboard_02293.jpg,cardboard
trash_16217.jpg,trash
trash_01670.jpg,trash
paper_00273.jpg,paper
glass_01865.jpg,glass
metal_01966.jpg,metal
cardboard_02881.jpg,cardboard
plastic_01597.jpg,plastic
metal_00785.jpg,metal
paper_02101.jpg,paper
glass_01377.jpg,glass
paper_01939.jpg,paper
plastic_01232.jpg,plastic
cardboard_01814.jpg,cardboard
plastic_01874.jpg,plastic
paper_03296.jpg,paper
plastic_01978.jpg,plastic
cardboard_02494.jpg,cardboard
cardboard_01566.jpg,cardboard
cardboard_00610.jpg,cardboard
trash_02407.jpg,trash
trash_18820.jpg,trash
cardboard_02674.jpg,cardboard
cardboard_01432.jpg,cardboard
paper_00752.jpg,paper
cardboard_02137.jpg,cardboard
glass_02005.jpg,glass
cardboard_01979.jpg,cardboard
glass_02023.jpg,glass
plastic_00658.jpg,plastic
paper_00064.jpg,paper
trash_02537.jpg,trash
glass_03058.jpg,glass
glass_03431.jpg,glass
plastic_02237.jpg,plastic
metal_01742.jpg,metal
metal_01513.jpg,metal
cardboard_00549.jpg,cardboard
glass_02845.jpg,glass
cardboard_02875.jpg,cardboard
metal_01757.jpg,metal
paper_00804.jpg,paper
glass_00238.jpg,glass
paper_02475.jpg,paper
trash_10779.jpg,trash
cardboard_02104.jpg,cardboard
trash_17807.jpg,trash
trash_16451.jpg,trash
trash_14528.jpg,trash
trash_18431.jpg,trash
metal_02639.jpg,metal
cardboard_00597.jpg,cardboard
trash_04058.jpg,trash
plastic_01206.jpg,plastic
paper_01708.jpg,paper
paper_02743.jpg,paper
plastic_02485.jpg,plastic
cardboard_02355.jpg,cardboard
paper_03232.jpg,paper
trash_03082.jpg,trash
plastic_01294.jpg,plastic
glass_03239.jpg,glass
plastic_02559.jpg,plastic
trash_14071.jpg,trash
paper_03063.jpg,paper
cardboard_02383.jpg,cardboard
paper_02806.jpg,paper
paper_00835.jpg,paper
trash_01068.jpg,trash
cardboard_02061.jpg,cardboard
paper_00731.jpg,paper
glass_04296.jpg,glass
metal_00228.jpg,metal
metal_00621.jpg,metal
plastic_01380.jpg,plastic
cardboard_02298.jpg,cardboard
metal_01995.jpg,metal
cardboard_01574.jpg,cardboard
metal_01280.jpg,metal
plastic_01639.jpg,plastic
paper_00242.jpg,paper
metal_00466.jpg,metal
plastic_00668.jpg,plastic
plastic_02889.jpg,plastic
cardboard_02890.jpg,cardboard
plastic_01281.jpg,plastic
paper_01239.jpg,paper
metal_01827.jpg,metal
paper_00675.jpg,paper
paper_02761.jpg,paper
plastic_01891.jpg,plastic
glass_02924.jpg,glass
metal_01702.jpg,metal
cardboard_00360.jpg,cardboard
glass_04842.jpg,glass
plastic_01366.jpg,plastic
metal_01328.jpg,metal
glass_01332.jpg,glass
metal_01391.jpg,metal
metal_01319.jpg,metal
metal_02485.jpg,metal
paper_02901.jpg,paper
cardboard_00697.jpg,cardboard
trash_15490.jpg,trash
glass_02224.jpg,glass
cardboard_02921.jpg,cardboard
glass_02337.jpg,glass
metal_02475.jpg,metal
metal_02699.jpg,metal
glass_02794.jpg,glass
metal_01543.jpg,metal
metal_00859.jpg,metal
cardboard_00482.jpg,cardboard
plastic_03034.jpg,plastic
glass_02906.jpg,glass
cardboard_02827.jpg,cardboard
paper_01375.jpg,paper
trash_08083.jpg,trash
metal_01432.jpg,metal
paper_00529.jpg,paper
metal_02599.jpg,metal
plastic_00611.jpg,plastic
trash_13876.jpg,trash
paper_01733.jpg,paper
paper_03020.jpg,paper
cardboard_01586.jpg,cardboard
plastic_02497.jpg,plastic
metal_01223.jpg,metal
metal_00971.jpg,metal
glass_03757.jpg,glass
paper_03013.jpg,paper
plastic_02417.jpg,plastic
paper_01047.jpg,paper
paper_02374.jpg,paper
glass_02049.jpg,glass
trash_13678.jpg,trash
glass_01841.jpg,glass
glass_04501.jpg,glass
paper_00770.jpg,paper
plastic_02313.jpg,plastic
glass_03233.jpg,glass
glass_04572.jpg,glass
cardboard_00287.jpg,cardboard
plastic_03015.jpg,plastic
paper_02555.jpg,paper
paper_02733.jpg,paper
cardboard_02019.jpg,cardboard
trash_02586.jpg,trash
trash_00590.jpg,trash
paper_02212.jpg,paper
glass_03421.jpg,glass
trash_14496.jpg,trash
paper_02857.jpg,paper
metal_01596.jpg,metal
paper_02530.jpg,paper
plastic_02277.jpg,plastic
plastic_02207.jpg,plastic
paper_03269.jpg,paper
plastic_02513.jpg,plastic
paper_02046.jpg,paper
metal_02365.jpg,metal
metal_02522.jpg,metal
plastic_02030.jpg,plastic
metal_02394.jpg,metal
cardboard_01593.jpg,cardboard
cardboard_02002.jpg,cardboard
glass_00428.jpg,glass
paper_03180.jpg,paper
plastic_01541.jpg,plastic
plastic_02161.jpg,plastic
cardboard_01391.jpg,cardboard
paper_02697.jpg,paper
cardboard_01774.jpg,cardboard
plastic_02244.jpg,plastic
cardboard_00370.jpg,cardboard
paper_02231.jpg,paper
trash_14621.jpg,trash
paper_01232.jpg,paper
cardboard_02161.jpg,cardboard
metal_02723.jpg,metal
plastic_01843.jpg,plastic
paper_03082.jpg,paper
cardboard_00453.jpg,cardboard
metal_01818.jpg,metal
cardboard_02184.jpg,cardboard
cardboard_02153.jpg,cardboard
cardboard_02107.jpg,cardboard
trash_09044.jpg,trash
paper_00199.jpg,paper
trash_16730.jpg,trash
glass_04538.jpg,glass
plastic_02592.jpg,plastic
trash_18087.jpg,trash
paper_02352.jpg,paper
cardboard_01450.jpg,cardboard
trash_05071.jpg,trash
glass_03400.jpg,glass
plastic_01131.jpg,plastic
trash_10733.jpg,trash
metal_01537.jpg,metal
plastic_03017.jpg,plastic
trash_04236.jpg,trash
plastic_03056.jpg,plastic
trash_05948.jpg,trash
metal_01864.jpg,metal
glass_01691.jpg,glass
plastic_00901.jpg,plastic
trash_17993.jpg,trash
paper_01917.jpg,paper
glass_02725.jpg,glass
metal_00636.jpg,metal
glass_04283.jpg,glass
cardboard_02958.jpg,cardboard
paper_01604.jpg,paper
paper_02328.jpg,paper
trash_03602.jpg,trash
cardboard_02689.jpg,cardboard
metal_00878.jpg,metal
glass_01195.jpg,glass
plastic_00063.jpg,plastic
cardboard_01935.jpg,cardboard
glass_01301.jpg,glass
trash_16334.jpg,trash
plastic_01735.jpg,plastic
metal_01433.jpg,metal
trash_12521.jpg,trash
glass_01030.jpg,glass
metal_02647.jpg,metal
plastic_02314.jpg,plastic
paper_02302.jpg,paper
paper_00324.jpg,paper
trash_19128.jpg,trash
metal_02383.jpg,metal
glass_03490.jpg,glass
cardboard_02725.jpg,cardboard
paper_01101.jpg,paper
paper_01819.jpg,paper
trash_19533.jpg,trash
glass_05303.jpg,glass
cardboard_02083.jpg,cardboard
cardboard_01238.jpg,cardboard
trash_18400.jpg,trash
plastic_01789.jpg,plastic
paper_03085.jpg,paper
metal_00577.jpg,metal
glass_00309.jpg,glass
glass_03846.jpg,glass
paper_00326.jpg,paper
trash_14050.jpg,trash
paper_00514.jpg,paper
cardboard_01929.jpg,cardboard
plastic_00861.jpg,plastic
paper_02579.jpg,paper
metal_01660.jpg,metal
metal_01130.jpg,metal
trash_16072.jpg,trash
cardboard_02307.jpg,cardboard
metal_00006.jpg,metal
paper_00376.jpg,paper
cardboard_01347.jpg,cardboard
paper_00830.jpg,paper
glass_03275.jpg,glass
plastic_01242.jpg,plastic
glass_04224.jpg,glass
trash_06439.jpg,trash
paper_01857.jpg,paper
cardboard_02743.jpg,cardboard
plastic_01862.jpg,plastic
glass_04462.jpg,glass
plastic_02672.jpg,plastic
metal_01597.jpg,metal
paper_02605.jpg,paper
metal_02560.jpg,metal
trash_14966.jpg,trash
metal_01357.jpg,metal
cardboard_01901.jpg,cardboard
paper_02729.jpg,paper
metal_01548.jpg,metal
glass_03920.jpg,glass
glass_03457.jpg,glass
paper_02577.jpg,paper
plastic_01653.jpg,plastic
metal_00484.jpg,metal
paper_03016.jpg,paper
paper_01471.jpg,paper
trash_10377.jpg,trash
paper_02793.jpg,paper
plastic_01825.jpg,plastic
paper_03202.jpg,paper
glass_05161.jpg,glass
cardboard_02360.jpg,cardboard
trash_06910.jpg,trash
trash_02839.jpg,trash
glass_03143.jpg,glass
paper_02560.jpg,paper
paper_02219.jpg,paper
cardboard_03028.jpg,cardboard
paper_02620.jpg,paper
paper_02507.jpg,paper
plastic_01879.jpg,plastic
cardboard_02479.jpg,cardboard
trash_00240.jpg,trash
metal_01297.jpg,metal
metal_00332.jpg,metal
paper_00550.jpg,paper
plastic_01478.jpg,plastic
metal_02250.jpg,metal
glass_02109.jpg,glass
glass_01224.jpg,glass
trash_10210.jpg,trash
metal_01230.jpg,metal
metal_02654.jpg,metal
cardboard_02944.jpg,cardboard
metal_02335.jpg,metal
metal_00781.jpg,metal
glass_01587.jpg,glass
paper_00028.jpg,paper
cardboard_02507.jpg,cardboard
metal_02158.jpg,metal
cardboard_02949.jpg,cardboard
glass_03940.jpg,glass
plastic_02867.jpg,plastic
glass_04269.jpg,glass
paper_01126.jpg,paper
cardboard_02868.jpg,cardboard
cardboard_03101.jpg,cardboard
plastic_02411.jpg,plastic
trash_08690.jpg,trash
metal_01705.jpg,metal
glass_04068.jpg,glass
paper_02021.jpg,paper
paper_02585.jpg,paper
paper_01186.jpg,paper
paper_02191.jpg,paper
cardboard_00653.jpg,cardboard
trash_07294.jpg,trash
glass_04904.jpg,glass
metal_01099.jpg,metal
plastic_00909.jpg,plastic
cardboard_02277.jpg,cardboard
paper_01614.jpg,paper
paper_03076.jpg,paper
cardboard_01793.jpg,cardboard
metal_02289.jpg,metal
glass_01571.jpg,glass
cardboard_02143.jpg,cardboard
glass_01803.jpg,glass
trash_01178.jpg,trash
metal_01347.jpg,metal
trash_13085.jpg,trash
cardboard_01606.jpg,cardboard
metal_01968.jpg,metal
plastic_02138.jpg,plastic
cardboard_02053.jpg,cardboard
trash_02151.jpg,trash
glass_02853.jpg,glass
glass_04730.jpg,glass
glass_01937.jpg,glass
paper_00208.jpg,paper
trash_17291.jpg,trash
trash_10246.jpg,trash
metal_01578.jpg,metal
glass_02601.jpg,glass
plastic_01806.jpg,plastic
plastic_01523.jpg,plastic
paper_01916.jpg,paper
cardboard_01724.jpg,cardboard
trash_19049.jpg,trash
cardboard_02044.jpg,cardboard
metal_01146.jpg,metal
trash_00185.jpg,trash
metal_01443.jpg,metal
plastic_02605.jpg,plastic
glass_04921.jpg,glass
metal_01499.jpg,metal
metal_02293.jpg,metal
trash_00200.jpg,trash
cardboard_02239.jpg,cardboard
glass_02254.jpg,glass
plastic_00371.jpg,plastic
plastic_03024.jpg,plastic
cardboard_02349.jpg,cardboard
plastic_02145.jpg,plastic
glass_03443.jpg,glass
glass_02909.jpg,glass
trash_03003.jpg,trash
metal_01303.jpg,metal
paper_02346.jpg,paper
trash_08449.jpg,trash
cardboard_02124.jpg,cardboard
plastic_02241.jpg,plastic
paper_02630.jpg,paper
cardboard_02531.jpg,cardboard
plastic_03031.jpg,plastic
glass_01515.jpg,glass
cardboard_01870.jpg,cardboard
trash_04364.jpg,trash
paper_02071.jpg,paper
plastic_02336.jpg,plastic
metal_01213.jpg,metal
metal_02161.jpg,metal
plastic_00897.jpg,plastic
cardboard_02456.jpg,cardboard
glass_01842.jpg,glass
plastic_01557.jpg,plastic
paper_02995.jpg,paper
trash_07371.jpg,trash
trash_01744.jpg,trash
plastic_01070.jpg,plastic
metal_00392.jpg,metal
trash_02200.jpg,trash
trash_18256.jpg,trash
plastic_02176.jpg,plastic
glass_04111.jpg,glass
plastic_03052.jpg,plastic
glass_01931.jpg,glass
paper_02999.jpg,paper
glass_01445.jpg,glass
plastic_02709.jpg,plastic
cardboard_02224.jpg,cardboard
paper_02649.jpg,paper
paper_02405.jpg,paper
glass_04914.jpg,glass
plastic_01660.jpg,plastic
cardboard_02123.jpg,cardboard
cardboard_02421.jpg,cardboard
cardboard_02597.jpg,cardboard
cardboard_01985.jpg,cardboard
plastic_02911.jpg,plastic
metal_00703.jpg,metal
glass_02740.jpg,glass
paper_00911.jpg,paper
metal_00066.jpg,metal
plastic_01799.jpg,plastic
glass_02723.jpg,glass
cardboard_01813.jpg,cardboard
trash_20199.jpg,trash
plastic_01665.jpg,plastic
glass_00477.jpg,glass
cardboard_02504.jpg,cardboard
paper_01336.jpg,paper
paper_00796.jpg,paper
glass_04795.jpg,glass
plastic_02022.jpg,plastic
trash_11069.jpg,trash
trash_14709.jpg,trash
paper_02034.jpg,paper
trash_01926.jpg,trash
paper_00481.jpg,paper
glass_00124.jpg,glass
metal_01592.jpg,metal
paper_02350.jpg,paper
plastic_02426.jpg,plastic
cardboard_01750.jpg,cardboard
metal_02321.jpg,metal
metal_02076.jpg,metal
paper_00782.jpg,paper
trash_03349.jpg,trash
plastic_01899.jpg,plastic
paper_01767.jpg,paper
metal_01221.jpg,metal
metal_02609.jpg,metal
trash_00410.jpg,trash
metal_00955.jpg,metal
paper_02449.jpg,paper
cardboard_00975.jpg,cardboard
cardboard_02168.jpg,cardboard
trash_08123.jpg,trash
cardboard_01401.jpg,cardboard
metal_01795.jpg,metal
trash_11432.jpg,trash
plastic_02345.jpg,plastic
paper_03290.jpg,paper
glass_01590.jpg,glass
trash_00436.jpg,trash
trash_11190.jpg,trash
trash_01951.jpg,trash
trash_18788.jpg,trash
paper_01469.jpg,paper
paper_02355.jpg,paper
trash_00037.jpg,trash
paper_01718.jpg,paper
cardboard_00660.jpg,cardboard
trash_13880.jpg,trash
trash_18140.jpg,trash
trash_05860.jpg,trash
trash_04052.jpg,trash
plastic_03265.jpg,plastic
plastic_01587.jpg,plastic
metal_00131.jpg,metal
glass_02933.jpg,glass
glass_03392.jpg,glass
cardboard_00608.jpg,cardboard
paper_02157.jpg,paper
paper_01112.jpg,paper
cardboard_02086.jpg,cardboard
paper_01783.jpg,paper
paper_02998.jpg,paper
cardboard_01031.jpg,cardboard
trash_00921.jpg,trash
trash_01523.jpg,trash
trash_15465.jpg,trash
cardboard_01377.jpg,cardboard
trash_11446.jpg,trash
glass_00712.jpg,glass
cardboard_00519.jpg,cardboard
cardboard_02982.jpg,cardboard
paper_01920.jpg,paper
metal_01260.jpg,metal
paper_02030.jpg,paper
trash_07030.jpg,trash
metal_01497.jpg,metal
plastic_01412.jpg,plastic
glass_02429.jpg,glass
metal_00753.jpg,metal
glass_01084.jpg,glass
cardboard_00433.jpg,cardboard
glass_04726.jpg,glass
glass_04725.jpg,glass
glass_01722.jpg,glass
paper_00970.jpg,paper
trash_15307.jpg,trash
plastic_02622.jpg,plastic
trash_11081.jpg,trash
paper_02637.jpg,paper
paper_02538.jpg,paper
glass_02900.jpg,glass
metal_01779.jpg,metal
paper_02714.jpg,paper
metal_01288.jpg,metal
paper_02387.jpg,paper
plastic_02552.jpg,plastic
metal_02596.jpg,metal
cardboard_00191.jpg,cardboard
trash_07704.jpg,trash
cardboard_01944.jpg,cardboard
glass_02721.jpg,glass
glass_01738.jpg,glass
plastic_00268.jpg,plastic
glass_02129.jpg,glass
paper_01468.jpg,paper
trash_17841.jpg,trash
paper_02569.jpg,paper
cardboard_01564.jpg,cardboard
cardboard_02905.jpg,cardboard
cardboard_02679.jpg,cardboard
plastic_03116.jpg,plastic
metal_02519.jpg,metal
plastic_00836.jpg,plastic
paper_03075.jpg,paper
cardboard_02471.jpg,cardboard
cardboard_03058.jpg,cardboard
paper_02821.jpg,paper
trash_03698.jpg,trash
metal_01980.jpg,metal
metal_01777.jpg,metal
trash_08344.jpg,trash
cardboard_00699.jpg,cardboard
trash_16526.jpg,trash
glass_01082.jpg,glass
glass_01984.jpg,glass
glass_04429.jpg,glass
paper_03213.jpg,paper
metal_01957.jpg,metal
metal_01004.jpg,metal
metal_01451.jpg,metal
paper_02668.jpg,paper
glass_00956.jpg,glass
paper_02547.jpg,paper
trash_07040.jpg,trash
paper_02639.jpg,paper
metal_02264.jpg,metal
cardboard_02220.jpg,cardboard
plastic_00988.jpg,plastic
plastic_01585.jpg,plastic
plastic_02797.jpg,plastic
cardboard_02252.jpg,cardboard
glass_04035.jpg,glass
glass_02177.jpg,glass
plastic_02131.jpg,plastic
plastic_02234.jpg,plastic
metal_00813.jpg,metal
plastic_00448.jpg,plastic
metal_01163.jpg,metal
cardboard_02552.jpg,cardboard
cardboard_02572.jpg,cardboard
paper_02750.jpg,paper
metal_01774.jpg,metal
glass_00079.jpg,glass
trash_07350.jpg,trash
plastic_02813.jpg,plastic
plastic_01349.jpg,plastic
glass_02826.jpg,glass
trash_14112.jpg,trash
glass_02987.jpg,glass
paper_02646.jpg,paper
glass_00936.jpg,glass
paper_01373.jpg,paper
glass_04785.jpg,glass
glass_04267.jpg,glass
plastic_01030.jpg,plastic
paper_01221.jpg,paper
trash_17846.jpg,trash
metal_02338.jpg,metal
glass_02868.jpg,glass
glass_00872.jpg,glass
plastic_03160.jpg,plastic
paper_01618.jpg,paper
glass_01228.jpg,glass
cardboard_01550.jpg,cardboard
glass_03045.jpg,glass
paper_02225.jpg,paper
plastic_02543.jpg,plastic
paper_02710.jpg,paper
trash_19478.jpg,trash
paper_03135.jpg,paper
metal_00689.jpg,metal
metal_02518.jpg,metal
plastic_00480.jpg,plastic
cardboard_01350.jpg,cardboard
paper_00734.jpg,paper
trash_13710.jpg,trash
glass_01363.jpg,glass
glass_04421.jpg,glass
metal_02065.jpg,metal
glass_00164.jpg,glass
metal_01700.jpg,metal
trash_07067.jpg,trash
plastic_02598.jpg,plastic
metal_00408.jpg,metal
metal_01450.jpg,metal
glass_04451.jpg,glass
cardboard_02790.jpg,cardboard
metal_00694.jpg,metal
cardboard_02711.jpg,cardboard
plastic_00695.jpg,plastic
glass_05230.jpg,glass
trash_04567.jpg,trash
paper_03238.jpg,paper
cardboard_01797.jpg,cardboard
metal_02349.jpg,metal
plastic_01508.jpg,plastic
trash_06487.jpg,trash
metal_02012.jpg,metal
plastic_00426.jpg,plastic
cardboard_01971.jpg,cardboard
trash_09512.jpg,trash
paper_00687.jpg,paper
paper_01998.jpg,paper
glass_01423.jpg,glass
trash_17382.jpg,trash
paper_02476.jpg,paper
trash_06696.jpg,trash
paper_02100.jpg,paper
paper_01712.jpg,paper
metal_00733.jpg,metal
paper_01639.jpg,paper
paper_01580.jpg,paper
glass_03256.jpg,glass
metal_01844.jpg,metal
metal_00761.jpg,metal
plastic_01924.jpg,plastic
metal_00928.jpg,metal
glass_04567.jpg,glass
paper_02116.jpg,paper
glass_01465.jpg,glass
cardboard_01970.jpg,cardboard
trash_04461.jpg,trash
glass_00174.jpg,glass
paper_02436.jpg,paper
glass_01462.jpg,glass
trash_14975.jpg,trash
plastic_01425.jpg,plastic
cardboard_01421.jpg,cardboard
glass_02663.jpg,glass
cardboard_02334.jpg,cardboard
glass_01169.jpg,glass
cardboard_00569.jpg,cardboard
metal_01977.jpg,metal
trash_04372.jpg,trash
trash_12538.jpg,trash
metal_02552.jpg,metal
glass_02818.jpg,glass
plastic_01203.jpg,plastic
trash_15231.jpg,trash
metal_00900.jpg,metal
paper_02930.jpg,paper
metal_02135.jpg,metal
plastic_02961.jpg,plastic
trash_17416.jpg,trash
trash_06766.jpg,trash
metal_00836.jpg,metal
glass_03280.jpg,glass
glass_03514.jpg,glass
metal_00715.jpg,metal
cardboard_02420.jpg,cardboard
glass_02971.jpg,glass
cardboard_00438.jpg,cardboard
plastic_02175.jpg,plastic
glass_04780.jpg,glass
cardboard_02045.jpg,cardboard
cardboard_01331.jpg,cardboard
glass_02649.jpg,glass
glass_05510.jpg,glass
trash_02710.jpg,trash
cardboard_01575.jpg,cardboard
metal_00529.jpg,metal
plastic_02601.jpg,plastic
paper_01077.jpg,paper
trash_03129.jpg,trash
trash_02988.jpg,trash
plastic_02330.jpg,plastic
glass_04257.jpg,glass
trash_14762.jpg,trash
paper_02061.jpg,paper
trash_11016.jpg,trash
metal_00593.jpg,metal
glass_01400.jpg,glass
cardboard_01519.jpg,cardboard
paper_02471.jpg,paper
paper_02340.jpg,paper
metal_01108.jpg,metal
paper_02278.jpg,paper
metal_01919.jpg,metal
plastic_02298.jpg,plastic
plastic_03126.jpg,plastic
metal_01175.jpg,metal
paper_00501.jpg,paper
plastic_02958.jpg,plastic
metal_01639.jpg,metal
trash_04168.jpg,trash
metal_01190.jpg,metal
glass_03243.jpg,glass
plastic_02292.jpg,plastic
glass_01060.jpg,glass
trash_19711.jpg,trash
plastic_01757.jpg,plastic
trash_12249.jpg,trash
trash_18295.jpg,trash
paper_02487.jpg,paper
glass_05266.jpg,glass
trash_00295.jpg,trash
trash_04231.jpg,trash
plastic_02460.jpg,plastic
trash_19255.jpg,trash
trash_00931.jpg,trash
paper_01581.jpg,paper
trash_05398.jpg,trash
glass_02895.jpg,glass
trash_19980.jpg,trash
paper_03140.jpg,paper
paper_02175.jpg,paper
glass_01971.jpg,glass
metal_02382.jpg,metal
trash_14794.jpg,trash
metal_01646.jpg,metal
paper_02460.jpg,paper
cardboard_01323.jpg,cardboard
cardboard_03082.jpg,cardboard
plastic_02392.jpg,plastic
metal_02505.jpg,metal
cardboard_01697.jpg,cardboard
cardboard_02021.jpg,cardboard
trash_09736.jpg,trash
paper_02082.jpg,paper
metal_00735.jpg,metal
trash_12072.jpg,trash
cardboard_02186.jpg,cardboard
plastic_02980.jpg,plastic
cardboard_00738.jpg,cardboard
plastic_02936.jpg,plastic
cardboard_01456.jpg,cardboard
cardboard_02512.jpg,cardboard
metal_01155.jpg,metal
plastic_01900.jpg,plastic
cardboard_02724.jpg,cardboard
plastic_01823.jpg,plastic
cardboard_01727.jpg,cardboard
trash_15787.jpg,trash
trash_01342.jpg,trash
metal_00299.jpg,metal
cardboard_03096.jpg,cardboard
metal_00525.jpg,metal
metal_02408.jpg,metal
paper_00669.jpg,paper
paper_01620.jpg,paper
metal_02671.jpg,metal
cardboard_02451.jpg,cardboard
plastic_01363.jpg,plastic
paper_00508.jpg,paper
paper_00490.jpg,paper
paper_02811.jpg,paper
paper_02391.jpg,paper
glass_04216.jpg,glass
glass_01307.jpg,glass
metal_01562.jpg,metal
glass_04666.jpg,glass
cardboard_02024.jpg,cardboard
metal_02014.jpg,metal
glass_05077.jpg,glass
paper_03164.jpg,paper
glass_01894.jpg,glass
metal_00061.jpg,metal
metal_02078.jpg,metal
plastic_01063.jpg,plastic
cardboard_03110.jpg,cardboard
metal_01750.jpg,metal
trash_06835.jpg,trash
paper_00172.jpg,paper
paper_01193.jpg,paper
cardboard_00973.jpg,cardboard
metal_01882.jpg,metal
metal_01558.jpg,metal
cardboard_03085.jpg,cardboard
cardboard_01752.jpg,cardboard
plastic_01800.jpg,plastic
paper_01418.jpg,paper
cardboard_00748.jpg,cardboard
paper_01088.jpg,paper
paper_02744.jpg,paper
glass_03463.jpg,glass
cardboard_01308.jpg,cardboard
metal_01904.jpg,metal
metal_01663.jpg,metal
trash_02935.jpg,trash
metal_02587.jpg,metal
trash_13004.jpg,trash
glass_03976.jpg,glass
paper_02420.jpg,paper
trash_11105.jpg,trash
trash_04663.jpg,trash
cardboard_02213.jpg,cardboard
cardboard_02179.jpg,cardboard
trash_01815.jpg,trash
cardboard_01481.jpg,cardboard
glass_04277.jpg,glass
plastic_02616.jpg,plastic
glass_00332.jpg,glass
plastic_01893.jpg,plastic
paper_02760.jpg,paper
cardboard_02534.jpg,cardboard
cardboard_02367.jpg,cardboard
glass_02944.jpg,glass
plastic_03074.jpg,plastic
cardboard_02465.jpg,cardboard
paper_01774.jpg,paper
plastic_02250.jpg,plastic
paper_00640.jpg,paper
paper_00863.jpg,paper
paper_02765.jpg,paper
glass_02861.jpg,glass
trash_16278.jpg,trash
cardboard_00394.jpg,cardboard
cardboard_02932.jpg,cardboard
cardboard_01967.jpg,cardboard
cardboard_02454.jpg,cardboard
metal_01475.jpg,metal
metal_00858.jpg,metal
glass_00076.jpg,glass
glass_02750.jpg,glass
glass_04435.jpg,glass
metal_01441.jpg,metal
plastic_03071.jpg,plastic
trash_16088.jpg,trash
plastic_01898.jpg,plastic
trash_14443.jpg,trash
plastic_01355.jpg,plastic
glass_03691.jpg,glass
plastic_02005.jpg,plastic
cardboard_00977.jpg,cardboard
glass_00456.jpg,glass
trash_14480.jpg,trash
plastic_02726.jpg,plastic
glass_04855.jpg,glass
trash_00427.jpg,trash
glass_00789.jpg,glass
trash_15177.jpg,trash
cardboard_02055.jpg,cardboard
plastic_02932.jpg,plastic
glass_02232.jpg,glass
paper_02179.jpg,paper
plastic_02153.jpg,plastic
plastic_00884.jpg,plastic
plastic_00738.jpg,plastic
metal_01423.jpg,metal
paper_01969.jpg,paper
paper_00005.jpg,paper
trash_10439.jpg,trash
glass_02827.jpg,glass
trash_14292.jpg,trash
plastic_02546.jpg,plastic
plastic_02536.jpg,plastic
glass_02856.jpg,glass
paper_02172.jpg,paper
trash_09760.jpg,trash
glass_03832.jpg,glass
trash_08176.jpg,trash
trash_10080.jpg,trash
trash_00123.jpg,trash
trash_12968.jpg,trash
plastic_02416.jpg,plastic
plastic_02557.jpg,plastic
metal_01945.jpg,metal
cardboard_00070.jpg,cardboard
glass_03753.jpg,glass
glass_03526.jpg,glass
paper_00109.jpg,paper
glass_01452.jpg,glass
glass_03566.jpg,glass
metal_00304.jpg,metal
glass_00457.jpg,glass
glass_04174.jpg,glass
glass_00926.jpg,glass
cardboard_03081.jpg,cardboard
trash_10577.jpg,trash
cardboard_00583.jpg,cardboard
plastic_01416.jpg,plastic
glass_01826.jpg,glass
paper_01500.jpg,paper
glass_03881.jpg,glass
metal_01011.jpg,metal
trash_04189.jpg,trash
metal_00157.jpg,metal
trash_12015.jpg,trash
cardboard_00656.jpg,cardboard
paper_02502.jpg,paper
paper_02085.jpg,paper
glass_00903.jpg,glass
trash_19447.jpg,trash
metal_02165.jpg,metal
paper_02725.jpg,paper
trash_17378.jpg,trash
trash_04579.jpg,trash
cardboard_01777.jpg,cardboard
metal_00558.jpg,metal
paper_01235.jpg,paper
cardboard_02018.jpg,cardboard
metal_02311.jpg,metal
paper_01054.jpg,paper
cardboard_02087.jpg,cardboard
trash_11864.jpg,trash
paper_02501.jpg,paper
trash_11721.jpg,trash
glass_00781.jpg,glass
plastic_01347.jpg,plastic
paper_02014.jpg,paper
paper_00166.jpg,paper
cardboard_01059.jpg,cardboard
metal_00638.jpg,metal
trash_15699.jpg,trash
paper_02827.jpg,paper
cardboard_02555.jpg,cardboard
metal_02098.jpg,metal
paper_01439.jpg,paper
cardboard_01359.jpg,cardboard
paper_01206.jpg,paper
trash_18481.jpg,trash
glass_00493.jpg,glass
trash_03342.jpg,trash
cardboard_03048.jpg,cardboard
cardboard_02650.jpg,cardboard
trash_00175.jpg,trash
trash_17238.jpg,trash
paper_02406.jpg,paper
plastic_03311.jpg,plastic
metal_01751.jpg,metal
paper_02368.jpg,paper
paper_02670.jpg,paper
glass_03080.jpg,glass
plastic_02782.jpg,plastic
metal_02491.jpg,metal
paper_02594.jpg,paper
plastic_01694.jpg,plastic
plastic_00664.jpg,plastic
metal_02602.jpg,metal
glass_05491.jpg,glass
plastic_02252.jpg,plastic
cardboard_02744.jpg,cardboard
trash_10613.jpg,trash
metal_01252.jpg,metal
paper_02462.jpg,paper
cardboard_01869.jpg,cardboard
glass_05134.jpg,glass
glass_03588.jpg,glass
metal_02145.jpg,metal
paper_02802.jpg,paper
metal_01421.jpg,metal
metal_01231.jpg,metal
plastic_01350.jpg,plastic
metal_01300.jpg,metal
trash_15070.jpg,trash
plastic_01409.jpg,plastic
cardboard_01343.jpg,cardboard
cardboard_01357.jpg,cardboard
trash_09035.jpg,trash
trash_13576.jpg,trash
paper_00356.jpg,paper
metal_01823.jpg,metal
trash_06576.jpg,trash
paper_01587.jpg,paper
paper_03104.jpg,paper
paper_02592.jpg,paper
cardboard_02429.jpg,cardboard
trash_04349.jpg,trash
cardboard_01626.jpg,cardboard
plastic_02823.jpg,plastic
paper_00783.jpg,paper
plastic_02144.jpg,plastic
plastic_00321.jpg,plastic
glass_04869.jpg,glass
plastic_02916.jpg,plastic
trash_01182.jpg,trash
paper_00778.jpg,paper
metal_01255.jpg,metal
cardboard_00955.jpg,cardboard
plastic_02359.jpg,plastic
cardboard_02364.jpg,cardboard
metal_00883.jpg,metal
cardboard_01236.jpg,cardboard
paper_01567.jpg,paper
plastic_02512.jpg,plastic
glass_00366.jpg,glass
metal_02259.jpg,metal
plastic_01780.jpg,plastic
glass_00047.jpg,glass
cardboard_02843.jpg,cardboard
glass_03466.jpg,glass
cardboard_02734.jpg,cardboard
trash_19926.jpg,trash
trash_11914.jpg,trash
cardboard_00515.jpg,cardboard
paper_03259.jpg,paper
cardboard_01096.jpg,cardboard
glass_05126.jpg,glass
paper_02531.jpg,paper
metal_01415.jpg,metal
cardboard_01992.jpg,cardboard
paper_02913.jpg,paper
paper_01734.jpg,paper
plastic_02268.jpg,plastic
glass_03216.jpg,glass
trash_00455.jpg,trash
glass_05444.jpg,glass
plastic_00838.jpg,plastic
plastic_02143.jpg,plastic
glass_04017.jpg,glass
cardboard_01579.jpg,cardboard
metal_01171.jpg,metal
cardboard_02880.jpg,cardboard
trash_18178.jpg,trash
metal_01387.jpg,metal
cardboard_02924.jpg,cardboard
glass_01670.jpg,glass
trash_11798.jpg,trash
cardboard_02058.jpg,cardboard
plastic_00881.jpg,plastic
plastic_01994.jpg,plastic
plastic_02988.jpg,plastic
trash_15784.jpg,trash
plastic_01869.jpg,plastic
trash_03911.jpg,trash
cardboard_00069.jpg,cardboard
trash_02357.jpg,trash
plastic_01590.jpg,plastic
glass_01594.jpg,glass
trash_19718.jpg,trash
glass_04542.jpg,glass
glass_05110.jpg,glass
trash_00277.jpg,trash
trash_05756.jpg,trash
plastic_01162.jpg,plastic
cardboard_01136.jpg,cardboard
metal_01342.jpg,metal
metal_02197.jpg,metal
metal_01131.jpg,metal
cardboard_01326.jpg,cardboard
glass_02152.jpg,glass
cardboard_01946.jpg,cardboard
metal_01064.jpg,metal
glass_05238.jpg,glass
metal_00224.jpg,metal
cardboard_02782.jpg,cardboard
cardboard_02127.jpg,cardboard
plastic_00974.jpg,plastic
cardboard_03047.jpg,cardboard
paper_00385.jpg,paper
glass_04821.jpg,glass
glass_03659.jpg,glass
metal_01546.jpg,metal
trash_04192.jpg,trash
glass_00178.jpg,glass
plastic_02859.jpg,plastic
paper_02343.jpg,paper
plastic_02573.jpg,plastic
glass_00575.jpg,glass
cardboard_03108.jpg,cardboard
plastic_03018.jpg,plastic
paper_00627.jpg,paper
plastic_02739.jpg,plastic
cardboard_01520.jpg,cardboard
paper_01519.jpg,paper
cardboard_01696.jpg,cardboard
paper_01401.jpg,paper
glass_02745.jpg,glass
glass_04703.jpg,glass
cardboard_01556.jpg,cardboard
glass_01183.jpg,glass
cardboard_00634.jpg,cardboard
paper_01578.jpg,paper
plastic_02037.jpg,plastic
trash_09132.jpg,trash
paper_00471.jpg,paper
trash_00560.jpg,trash
paper_02513.jpg,paper
plastic_01520.jpg,plastic
glass_01958.jpg,glass
trash_12177.jpg,trash
trash_15836.jpg,trash
paper_02341.jpg,paper
glass_01025.jpg,glass
paper_00248.jpg,paper
glass_00521.jpg,glass
paper_01356.jpg,paper
plastic_02520.jpg,plastic
metal_01113.jpg,metal
plastic_02979.jpg,plastic
glass_03349.jpg,glass
glass_03089.jpg,glass
cardboard_00424.jpg,cardboard
trash_12573.jpg,trash
glass_01514.jpg,glass
plastic_00510.jpg,plastic
metal_02468.jpg,metal
paper_03108.jpg,paper
metal_00767.jpg,metal
trash_00768.jpg,trash
cardboard_00899.jpg,cardboard
metal_02502.jpg,metal
trash_01741.jpg,trash
plastic_03110.jpg,plastic
paper_00443.jpg,paper
paper_00728.jpg,paper
glass_05350.jpg,glass
metal_01116.jpg,metal
paper_00613.jpg,paper
plastic_02712.jpg,plastic
paper_02400.jpg,paper
cardboard_01019.jpg,cardboard
trash_18209.jpg,trash
metal_01267.jpg,metal
paper_02281.jpg,paper
cardboard_02946.jpg,cardboard
plastic_02761.jpg,plastic
plastic_00815.jpg,plastic
plastic_02699.jpg,plastic
paper_00965.jpg,paper
metal_01782.jpg,metal
metal_01953.jpg,metal
trash_12844.jpg,trash
plastic_01929.jpg,plastic
trash_04691.jpg,trash
trash_00546.jpg,trash
metal_01018.jpg,metal
metal_02579.jpg,metal
cardboard_01213.jpg,cardboard
plastic_02367.jpg,plastic
paper_01978.jpg,paper
metal_01299.jpg,metal
plastic_03138.jpg,plastic
metal_00984.jpg,metal
plastic_00892.jpg,plastic
paper_00939.jpg,paper
metal_02057.jpg,metal
cardboard_00409.jpg,cardboard
plastic_02567.jpg,plastic
trash_02149.jpg,trash
paper_01124.jpg,paper
cardboard_02198.jpg,cardboard
plastic_00557.jpg,plastic
glass_02089.jpg,glass
trash_19337.jpg,trash
plastic_03134.jpg,plastic
glass_05149.jpg,glass
metal_00672.jpg,metal
trash_02984.jpg,trash
cardboard_03088.jpg,cardboard
plastic_01491.jpg,plastic
cardboard_00196.jpg,cardboard
metal_01238.jpg,metal
plastic_02947.jpg,plastic
plastic_01968.jpg,plastic
plastic_00100.jpg,plastic
metal_01215.jpg,metal
plastic_01659.jpg,plastic
trash_04785.jpg,trash
glass_02805.jpg,glass
metal_02421.jpg,metal
trash_04724.jpg,trash
cardboard_02361.jpg,cardboard
plastic_02339.jpg,plastic
cardboard_00489.jpg,cardboard
trash_00526.jpg,trash
metal_00407.jpg,metal
paper_00838.jpg,paper
plastic_00528.jpg,plastic
metal_01617.jpg,metal
trash_07065.jpg,trash
metal_01326.jpg,metal
plastic_02915.jpg,plastic
plastic_01901.jpg,plastic
glass_04540.jpg,glass
plastic_02382.jpg,plastic
metal_01170.jpg,metal
metal_02384.jpg,metal
cardboard_02151.jpg,cardboard
glass_04047.jpg,glass
paper_02683.jpg,paper
metal_02480.jpg,metal
paper_01074.jpg,paper
cardboard_02728.jpg,cardboard
paper_01962.jpg,paper
cardboard_01383.jpg,cardboard
paper_02000.jpg,paper
paper_01698.jpg,paper
plastic_02186.jpg,plastic
paper_00227.jpg,paper
metal_01939.jpg,metal
paper_02874.jpg,paper
glass_04645.jpg,glass
glass_04316.jpg,glass
cardboard_01643.jpg,cardboard
plastic_01607.jpg,plastic
cardboard_02641.jpg,cardboard
trash_05821.jpg,trash
paper_02540.jpg,paper
trash_20071.jpg,trash
metal_02296.jpg,metal
plastic_02246.jpg,plastic
glass_01961.jpg,glass
glass_00285.jpg,glass
cardboard_02704.jpg,cardboard
trash_17074.jpg,trash
glass_05520.jpg,glass
metal_01703.jpg,metal
plastic_01576.jpg,plastic
glass_02489.jpg,glass
trash_00769.jpg,trash
trash_10627.jpg,trash
glass_05414.jpg,glass
plastic_01938.jpg,plastic
metal_02614.jpg,metal
paper_00688.jpg,paper
glass_01616.jpg,glass
trash_07944.jpg,trash
paper_00663.jpg,paper
cardboard_02750.jpg,cardboard
plastic_00888.jpg,plastic
paper_02801.jpg,paper
glass_01628.jpg,glass
plastic_01422.jpg,plastic
metal_01514.jpg,metal
trash_07725.jpg,trash
glass_02727.jpg,glass
cardboard_01467.jpg,cardboard
metal_00975.jpg,metal
trash_03619.jpg,trash
glass_04166.jpg,glass
metal_01249.jpg,metal
cardboard_02387.jpg,cardboard
cardboard_01717.jpg,cardboard
cardboard_00604.jpg,cardboard
paper_00644.jpg,paper
plastic_02665.jpg,plastic
plastic_01550.jpg,plastic
metal_02106.jpg,metal
glass_03099.jpg,glass
paper_00966.jpg,paper
plastic_01920.jpg,plastic
cardboard_02510.jpg,cardboard
plastic_01445.jpg,plastic
glass_02746.jpg,glass
trash_15519.jpg,trash
paper_02214.jpg,paper
trash_01427.jpg,trash
paper_00895.jpg,paper
plastic_02722.jpg,plastic
glass_05192.jpg,glass
paper_03139.jpg,paper
paper_00536.jpg,paper
metal_02047.jpg,metal
plastic_02251.jpg,plastic
glass_02844.jpg,glass
metal_01243.jpg,metal
glass_03999.jpg,glass
cardboard_00607.jpg,cardboard
glass_00822.jpg,glass
paper_01585.jpg,paper
trash_11007.jpg,trash
glass_02604.jpg,glass
plastic_01499.jpg,plastic
paper_02903.jpg,paper
plastic_00260.jpg,plastic
metal_01459.jpg,metal
paper_01579.jpg,paper
glass_04151.jpg,glass
trash_03854.jpg,trash
plastic_00970.jpg,plastic
cardboard_00790.jpg,cardboard
paper_02695.jpg,paper
paper_01429.jpg,paper
glass_00525.jpg,glass
metal_01393.jpg,metal
plastic_03179.jpg,plastic
glass_03688.jpg,glass
metal_01390.jpg,metal
plastic_03216.jpg,plastic
metal_01082.jpg,metal
glass_04553.jpg,glass
trash_00033.jpg,trash
glass_00862.jpg,glass
plastic_02132.jpg,plastic
trash_03985.jpg,trash
glass_04399.jpg,glass
glass_00573.jpg,glass
metal_00934.jpg,metal
glass_00932.jpg,glass
glass_01081.jpg,glass
trash_08711.jpg,trash
cardboard_02281.jpg,cardboard
plastic_02432.jpg,plastic
metal_00856.jpg,metal
metal_02153.jpg,metal
paper_02426.jpg,paper
paper_01366.jpg,paper
trash_07375.jpg,trash
cardboard_00545.jpg,cardboard
metal_01461.jpg,metal
metal_01846.jpg,metal
plastic_02651.jpg,plastic
cardboard_01871.jpg,cardboard
paper_01740.jpg,paper
cardboard_02476.jpg,cardboard
glass_00068.jpg,glass
paper_00115.jpg,paper
paper_01653.jpg,paper
plastic_03236.jpg,plastic
trash_18319.jpg,trash
paper_01143.jpg,paper
glass_04234.jpg,glass
plastic_02372.jpg,plastic
paper_02496.jpg,paper
paper_02444.jpg,paper
plastic_02530.jpg,plastic
plastic_00662.jpg,plastic
trash_12399.jpg,trash
trash_16361.jpg,trash
trash_09349.jpg,trash
trash_17159.jpg,trash
metal_01199.jpg,metal
cardboard_02028.jpg,cardboard
cardboard_01039.jpg,cardboard
trash_03534.jpg,trash
paper_01811.jpg,paper
cardboard_01229.jpg,cardboard
trash_18810.jpg,trash
metal_00669.jpg,metal
cardboard_02241.jpg,cardboard
glass_01066.jpg,glass
cardboard_02195.jpg,cardboard
cardboard_02677.jpg,cardboard
trash_01977.jpg,trash
trash_12756.jpg,trash
plastic_01020.jpg,plastic
glass_03265.jpg,glass
glass_01387.jpg,glass
glass_03642.jpg,glass
trash_03598.jpg,trash
cardboard_01887.jpg,cardboard
plastic_01565.jpg,plastic
trash_08819.jpg,trash
glass_03641.jpg,glass
glass_02836.jpg,glass
cardboard_00020.jpg,cardboard
trash_07996.jpg,trash
cardboard_02511.jpg,cardboard
plastic_02243.jpg,plastic
paper_02798.jpg,paper
paper_03268.jpg,paper
metal_01220.jpg,metal
cardboard_00407.jpg,cardboard
cardboard_01264.jpg,cardboard
paper_03111.jpg,paper
glass_04613.jpg,glass
trash_08575.jpg,trash
cardboard_02343.jpg,cardboard
trash_03366.jpg,trash
plastic_01560.jpg,plastic
paper_03191.jpg,paper
paper_02900.jpg,paper
cardboard_01212.jpg,cardboard
paper_00261.jpg,paper
glass_04398.jpg,glass
plastic_02905.jpg,plastic
paper_02736.jpg,paper
trash_11034.jpg,trash
cardboard_02618.jpg,cardboard
trash_14098.jpg,trash
metal_00641.jpg,metal
trash_05650.jpg,trash
plastic_01664.jpg,plastic
plastic_02398.jpg,plastic
glass_04270.jpg,glass
paper_02887.jpg,paper
paper_00862.jpg,paper
metal_02334.jpg,metal
cardboard_02953.jpg,cardboard
cardboard_02576.jpg,cardboard
metal_02224.jpg,metal
trash_15895.jpg,trash
cardboard_02666.jpg,cardboard
paper_00372.jpg,paper
paper_02558.jpg,paper
trash_17294.jpg,trash
plastic_03107.jpg,plastic
glass_00740.jpg,glass
glass_00502.jpg,glass
glass_02978.jpg,glass
metal_00469.jpg,metal
glass_00439.jpg,glass
plastic_03281.jpg,plastic
trash_10503.jpg,trash
plastic_00885.jpg,plastic
glass_04233.jpg,glass
paper_01573.jpg,paper
plastic_00670.jpg,plastic
glass_01021.jpg,glass
plastic_00829.jpg,plastic
metal_01201.jpg,metal
paper_02503.jpg,paper
metal_00322.jpg,metal
trash_17645.jpg,trash
paper_02962.jpg,paper
metal_02597.jpg,metal
trash_04599.jpg,trash
glass_04393.jpg,glass
plastic_02713.jpg,plastic
plastic_02329.jpg,plastic
cardboard_01737.jpg,cardboard
trash_18044.jpg,trash
plastic_00274.jpg,plastic
paper_02260.jpg,paper
glass_03709.jpg,glass
trash_14839.jpg,trash
trash_11751.jpg,trash
glass_02698.jpg,glass
plastic_03230.jpg,plastic
metal_00319.jpg,metal
cardboard_00164.jpg,cardboard
trash_02862.jpg,trash
plastic_00230.jpg,plastic
plastic_00696.jpg,plastic
trash_10290.jpg,trash
paper_02546.jpg,paper
cardboard_02290.jpg,cardboard
cardboard_00792.jpg,cardboard
metal_02350.jpg,metal
glass_00584.jpg,glass
cardboard_00456.jpg,cardboard
glass_01706.jpg,glass
paper_02024.jpg,paper
glass_05242.jpg,glass
paper_02383.jpg,paper
cardboard_01803.jpg,cardboard
trash_11373.jpg,trash
paper_01665.jpg,paper
glass_02531.jpg,glass
trash_12891.jpg,trash
cardboard_02246.jpg,cardboard
trash_00367.jpg,trash
glass_02928.jpg,glass
glass_00008.jpg,glass
glass_01469.jpg,glass
plastic_01681.jpg,plastic
cardboard_01433.jpg,cardboard
metal_02225.jpg,metal
metal_00604.jpg,metal
paper_01505.jpg,paper
plastic_00913.jpg,plastic
glass_05169.jpg,glass
trash_04091.jpg,trash
cardboard_01655.jpg,cardboard
cardboard_02606.jpg,cardboard
cardboard_01506.jpg,cardboard
cardboard_00111.jpg,cardboard
paper_02772.jpg,paper
trash_15050.jpg,trash
trash_03438.jpg,trash
cardboard_01991.jpg,cardboard
plastic_02493.jpg,plastic
trash_10568.jpg,trash
plastic_00926.jpg,plastic
glass_04275.jpg,glass
paper_03295.jpg,paper
metal_02561.jpg,metal
glass_02219.jpg,glass
paper_02788.jpg,paper
metal_01814.jpg,metal
paper_01171.jpg,paper
paper_02423.jpg,paper
plastic_02884.jpg,plastic
metal_01335.jpg,metal
paper_02524.jpg,paper
metal_00090.jpg,metal
plastic_02740.jpg,plastic
paper_00072.jpg,paper
trash_03191.jpg,trash
metal_02530.jpg,metal
trash_12759.jpg,trash
cardboard_00944.jpg,cardboard
glass_02407.jpg,glass
paper_03187.jpg,paper
glass_05500.jpg,glass
cardboard_00827.jpg,cardboard
plastic_02571.jpg,plastic
paper_01350.jpg,paper
trash_11484.jpg,trash
plastic_02370.jpg,plastic
plastic_00896.jpg,plastic
glass_05365.jpg,glass
paper_01592.jpg,paper
glass_04407.jpg,glass
cardboard_02031.jpg,cardboard
glass_03054.jpg,glass
cardboard_01745.jpg,cardboard
trash_05947.jpg,trash
cardboard_00385.jpg,cardboard
trash_16775.jpg,trash
plastic_03007.jpg,plastic
cardboard_01765.jpg,cardboard
paper_02578.jpg,paper
paper_00861.jpg,paper
glass_04782.jpg,glass
trash_05870.jpg,trash
cardboard_02691.jpg,cardboard
paper_02439.jpg,paper
cardboard_00171.jpg,cardboard
cardboard_02373.jpg,cardboard
cardboard_02299.jpg,cardboard
trash_13113.jpg,trash
plastic_01156.jpg,plastic
cardboard_01338.jpg,cardboard
trash_14677.jpg,trash
glass_04261.jpg,glass
metal_02666.jpg,metal
plastic_01863.jpg,plastic
paper_01721.jpg,paper
paper_01494.jpg,paper
glass_01233.jpg,glass
plastic_01401.jpg,plastic
plastic_01804.jpg,plastic
metal_02367.jpg,metal
cardboard_02715.jpg,cardboard
plastic_01583.jpg,plastic
paper_01842.jpg,paper
glass_04913.jpg,glass
cardboard_02311.jpg,cardboard
metal_00687.jpg,metal
metal_00072.jpg,metal
glass_02339.jpg,glass
paper_01121.jpg,paper
metal_00563.jpg,metal
paper_02330.jpg,paper
cardboard_01554.jpg,cardboard
cardboard_00517.jpg,cardboard
cardboard_02048.jpg,cardboard
cardboard_01666.jpg,cardboard
metal_02458.jpg,metal
plastic_02578.jpg,plastic
plastic_03127.jpg,plastic
cardboard_00313.jpg,cardboard
paper_01272.jpg,paper
paper_01395.jpg,paper
paper_01972.jpg,paper
plastic_02607.jpg,plastic
trash_04027.jpg,trash
trash_17497.jpg,trash
metal_01842.jpg,metal
paper_02653.jpg,paper
glass_02660.jpg,glass
plastic_02204.jpg,plastic
paper_03245.jpg,paper
plastic_00809.jpg,plastic
cardboard_02042.jpg,cardboard
plastic_00323.jpg,plastic
paper_02167.jpg,paper
trash_03026.jpg,trash
cardboard_00232.jpg,cardboard
paper_00160.jpg,paper
cardboard_02341.jpg,cardboard
glass_05162.jpg,glass
trash_03682.jpg,trash
trash_01987.jpg,trash
trash_10841.jpg,trash
glass_05010.jpg,glass
cardboard_02751.jpg,cardboard
trash_04454.jpg,trash
cardboard_02995.jpg,cardboard
trash_08746.jpg,trash
trash_13846.jpg,trash
glass_00371.jpg,glass
cardboard_01513.jpg,cardboard
trash_06246.jpg,trash
paper_02875.jpg,paper
metal_02479.jpg,metal
glass_02714.jpg,glass
trash_08865.jpg,trash
paper_02435.jpg,paper
cardboard_01172.jpg,cardboard
glass_02053.jpg,glass
trash_14527.jpg,trash
trash_00927.jpg,trash
paper_00454.jpg,paper
trash_17565.jpg,trash
trash_15392.jpg,trash
metal_00339.jpg,metal
trash_19036.jpg,trash
cardboard_01035.jpg,cardboard
paper_02430.jpg,paper
paper_02301.jpg,paper
trash_15883.jpg,trash
cardboard_02839.jpg,cardboard
metal_02414.jpg,metal
glass_02397.jpg,glass
paper_01668.jpg,paper
paper_01666.jpg,paper
paper_02398.jpg,paper
plastic_03097.jpg,plastic
paper_00786.jpg,paper
trash_11296.jpg,trash
metal_02523.jpg,metal
plastic_02130.jpg,plastic
glass_02760.jpg,glass
plastic_01362.jpg,plastic
plastic_03286.jpg,plastic
glass_04874.jpg,glass
plastic_01760.jpg,plastic
trash_01106.jpg,trash
plastic_01966.jpg,plastic
metal_01798.jpg,metal
cardboard_01452.jpg,cardboard
trash_06262.jpg,trash
plastic_02780.jpg,plastic
plastic_00983.jpg,plastic
cardboard_00172.jpg,cardboard
trash_02828.jpg,trash
plastic_01058.jpg,plastic
cardboard_00282.jpg,cardboard
glass_04861.jpg,glass
trash_08825.jpg,trash
glass_02945.jpg,glass
glass_02949.jpg,glass
metal_01386.jpg,metal
cardboard_00805.jpg,cardboard
plastic_02384.jpg,plastic
glass_04490.jpg,glass
glass_02320.jpg,glass
paper_02337.jpg,paper
metal_01801.jpg,metal
cardboard_02605.jpg,cardboard
glass_04830.jpg,glass
metal_01282.jpg,metal
cardboard_02222.jpg,cardboard
trash_06223.jpg,trash
paper_01887.jpg,paper
plastic_00933.jpg,plastic
trash_01180.jpg,trash
glass_04709.jpg,glass
cardboard_00558.jpg,cardboard
glass_00540.jpg,glass
paper_01867.jpg,paper
trash_08586.jpg,trash
plastic_01241.jpg,plastic
paper_01724.jpg,paper
trash_02381.jpg,trash
metal_01975.jpg,metal
glass_02824.jpg,glass
glass_03830.jpg,glass
trash_19429.jpg,trash
paper_02142.jpg,paper
cardboard_01327.jpg,cardboard
trash_15473.jpg,trash
paper_03150.jpg,paper
plastic_02864.jpg,plastic
glass_01412.jpg,glass
paper_00342.jpg,paper
plastic_02802.jpg,plastic
metal_01669.jpg,metal
trash_16768.jpg,trash
paper_02911.jpg,paper
glass_03115.jpg,glass
trash_18798.jpg,trash
glass_01582.jpg,glass
cardboard_03068.jpg,cardboard
trash_19400.jpg,trash
cardboard_01941.jpg,cardboard
paper_01961.jpg,paper
glass_02839.jpg,glass
trash_18522.jpg,trash
metal_01932.jpg,metal
paper_01228.jpg,paper
plastic_02776.jpg,plastic
cardboard_01100.jpg,cardboard
trash_05167.jpg,trash
plastic_02499.jpg,plastic
plastic_00493.jpg,plastic
trash_10232.jpg,trash
paper_01130.jpg,paper
metal_00512.jpg,metal
trash_19383.jpg,trash
paper_02429.jpg,paper
metal_01522.jpg,metal
trash_19712.jpg,trash
trash_03648.jpg,trash
trash_09296.jpg,trash
trash_13035.jpg,trash
metal_00841.jpg,metal
glass_00821.jpg,glass
plastic_03112.jpg,plastic
cardboard_00506.jpg,cardboard
glass_01466.jpg,glass
metal_01166.jpg,metal
trash_07804.jpg,trash
plastic_03001.jpg,plastic
plastic_02754.jpg,plastic
paper_01122.jpg,paper
glass_04747.jpg,glass
cardboard_02447.jpg,cardboard
paper_02087.jpg,paper
plastic_02317.jpg,plastic
trash_18315.jpg,trash
glass_00055.jpg,glass
plastic_03269.jpg,plastic
glass_03513.jpg,glass
paper_02915.jpg,paper
cardboard_02472.jpg,cardboard
trash_04865.jpg,trash
paper_01760.jpg,paper
cardboard_01753.jpg,cardboard
trash_06406.jpg,trash
cardboard_00817.jpg,cardboard
cardboard_02056.jpg,cardboard
metal_02388.jpg,metal
cardboard_02708.jpg,cardboard
cardboard_01637.jpg,cardboard
cardboard_00759.jpg,cardboard
glass_05278.jpg,glass
cardboard_02794.jpg,cardboard
plastic_01725.jpg,plastic
paper_01747.jpg,paper
plastic_01437.jpg,plastic
trash_05228.jpg,trash
glass_05333.jpg,glass
paper_00801.jpg,paper
cardboard_02071.jpg,cardboard
metal_01409.jpg,metal
cardboard_02589.jpg,cardboard
cardboard_02232.jpg,cardboard
plastic_02560.jpg,plastic
plastic_02097.jpg,plastic
metal_01261.jpg,metal
metal_02245.jpg,metal
trash_01703.jpg,trash
plastic_02744.jpg,plastic
cardboard_02231.jpg,cardboard
glass_02094.jpg,glass
plastic_01537.jpg,plastic
trash_18836.jpg,trash
glass_02228.jpg,glass
trash_04983.jpg,trash
paper_02159.jpg,paper
plastic_02027.jpg,plastic
glass_05503.jpg,glass
trash_05671.jpg,trash
trash_14458.jpg,trash
plastic_01816.jpg,plastic
glass_02205.jpg,glass
plastic_02434.jpg,plastic
glass_04092.jpg,glass
trash_18961.jpg,trash
trash_13482.jpg,trash
glass_01242.jpg,glass
plastic_01912.jpg,plastic
plastic_02091.jpg,plastic
paper_02206.jpg,paper
metal_01241.jpg,metal
glass_00725.jpg,glass
plastic_01875.jpg,plastic
trash_04678.jpg,trash
cardboard_02812.jpg,cardboard
trash_10664.jpg,trash
metal_00296.jpg,metal
cardboard_01916.jpg,cardboard
cardboard_02816.jpg,cardboard
cardboard_02017.jpg,cardboard
glass_00741.jpg,glass
plastic_00874.jpg,plastic
cardboard_02063.jpg,cardboard
plastic_02764.jpg,plastic
paper_02521.jpg,paper
plastic_02777.jpg,plastic
trash_13457.jpg,trash
plastic_00317.jpg,plastic
paper_02342.jpg,paper
paper_02117.jpg,paper
cardboard_02795.jpg,cardboard
paper_02752.jpg,paper
metal_02143.jpg,metal
glass_02174.jpg,glass
trash_15041.jpg,trash
glass_01766.jpg,glass
metal_01095.jpg,metal
cardboard_02092.jpg,cardboard
metal_01063.jpg,metal
cardboard_00274.jpg,cardboard
trash_12442.jpg,trash
trash_19919.jpg,trash
trash_09375.jpg,trash
glass_02390.jpg,glass
plastic_01372.jpg,plastic
glass_04767.jpg,glass
metal_01752.jpg,metal
paper_02135.jpg,paper
cardboard_01544.jpg,cardboard
metal_02417.jpg,metal
plastic_00676.jpg,plastic
paper_01809.jpg,paper
glass_02536.jpg,glass
metal_01211.jpg,metal
cardboard_01396.jpg,cardboard
paper_02854.jpg,paper
glass_04492.jpg,glass
glass_00361.jpg,glass
metal_00410.jpg,metal
paper_02753.jpg,paper
cardboard_01681.jpg,cardboard
trash_14283.jpg,trash
cardboard_01325.jpg,cardboard
metal_01780.jpg,metal
trash_09890.jpg,trash
metal_01144.jpg,metal
cardboard_01831.jpg,cardboard
cardboard_01490.jpg,cardboard
trash_08288.jpg,trash
trash_09012.jpg,trash
trash_11404.jpg,trash
trash_00334.jpg,trash
plastic_01455.jpg,plastic
paper_01821.jpg,paper
trash_13648.jpg,trash
glass_04503.jpg,glass
paper_02758.jpg,paper
cardboard_02892.jpg,cardboard
plastic_01435.jpg,plastic
trash_04105.jpg,trash
paper_03068.jpg,paper
trash_02099.jpg,trash
trash_06435.jpg,trash
plastic_01948.jpg,plastic
glass_05538.jpg,glass
plastic_01117.jpg,plastic
paper_00699.jpg,paper
glass_05005.jpg,glass
trash_14684.jpg,trash
cardboard_02766.jpg,cardboard
trash_18975.jpg,trash
glass_03730.jpg,glass
plastic_02394.jpg,plastic
cardboard_01804.jpg,cardboard
trash_05141.jpg,trash
paper_03069.jpg,paper
metal_01976.jpg,metal
glass_03665.jpg,glass
plastic_03040.jpg,plastic
trash_19686.jpg,trash
trash_16751.jpg,trash
plastic_02407.jpg,plastic
paper_01561.jpg,paper
plastic_02631.jpg,plastic
metal_00612.jpg,metal
plastic_02041.jpg,plastic
plastic_02457.jpg,plastic
plastic_02381.jpg,plastic
paper_02991.jpg,paper
metal_00438.jpg,metal
metal_01770.jpg,metal
paper_02072.jpg,paper
trash_15588.jpg,trash
paper_03143.jpg,paper
cardboard_02095.jpg,cardboard
glass_02921.jpg,glass
paper_01107.jpg,paper
paper_03303.jpg,paper
metal_01692.jpg,metal
trash_19849.jpg,trash
plastic_00898.jpg,plastic
metal_01942.jpg,metal
trash_18987.jpg,trash
trash_10576.jpg,trash
cardboard_00850.jpg,cardboard
plastic_02580.jpg,plastic
paper_00030.jpg,paper
plastic_00878.jpg,plastic
plastic_01173.jpg,plastic
trash_18435.jpg,trash
metal_00941.jpg,metal
paper_02320.jpg,paper
cardboard_02276.jpg,cardboard
plastic_01850.jpg,plastic
glass_01479.jpg,glass
paper_01860.jpg,paper
trash_02395.jpg,trash
trash_15944.jpg,trash
trash_07175.jpg,trash
metal_02277.jpg,metal
trash_09125.jpg,trash
cardboard_01578.jpg,cardboard
plastic_02974.jpg,plastic
plastic_02217.jpg,plastic
metal_01551.jpg,metal
paper_00834.jpg,paper
metal_01802.jpg,metal
trash_02428.jpg,trash
cardboard_00408.jpg,cardboard
glass_02912.jpg,glass
plastic_02502.jpg,plastic
glass_01950.jpg,glass
paper_02792.jpg,paper
metal_00614.jpg,metal
trash_03020.jpg,trash
glass_03110.jpg,glass
metal_00020.jpg,metal
trash_07411.jpg,trash
paper_02244.jpg,paper
cardboard_01407.jpg,cardboard
cardboard_03022.jpg,cardboard
trash_09225.jpg,trash
trash_08441.jpg,trash
metal_02445.jpg,metal
plastic_02163.jpg,plastic
metal_00129.jpg,metal
metal_02482.jpg,metal
paper_00930.jpg,paper
metal_02492.jpg,metal
metal_02021.jpg,metal
paper_02566.jpg,paper
cardboard_00786.jpg,cardboard
paper_02207.jpg,paper
metal_02019.jpg,metal
cardboard_02344.jpg,cardboard
metal_02362.jpg,metal
glass_04655.jpg,glass
paper_00795.jpg,paper
glass_03303.jpg,glass
paper_02861.jpg,paper
plastic_01539.jpg,plastic
trash_03004.jpg,trash
cardboard_00337.jpg,cardboard
trash_08538.jpg,trash
glass_01174.jpg,glass
plastic_00190.jpg,plastic
glass_00480.jpg,glass
glass_01362.jpg,glass
cardboard_02112.jpg,cardboard
metal_01419.jpg,metal
metal_00997.jpg,metal
plastic_01602.jpg,plastic
cardboard_02709.jpg,cardboard
paper_02868.jpg,paper
glass_04426.jpg,glass
cardboard_00105.jpg,cardboard
glass_03046.jpg,glass
cardboard_00847.jpg,cardboard
glass_04685.jpg,glass
paper_01923.jpg,paper
trash_13674.jpg,trash
glass_03946.jpg,glass
paper_02563.jpg,paper
paper_02852.jpg,paper
cardboard_02245.jpg,cardboard
trash_14753.jpg,trash
plastic_01588.jpg,plastic
plastic_01031.jpg,plastic
cardboard_00413.jpg,cardboard
paper_02263.jpg,paper
paper_00658.jpg,paper
glass_03304.jpg,glass
cardboard_01349.jpg,cardboard
cardboard_02109.jpg,cardboard
metal_01483.jpg,metal
metal_01831.jpg,metal
metal_00585.jpg,metal
trash_07972.jpg,trash
paper_02275.jpg,paper
trash_14341.jpg,trash
metal_01251.jpg,metal
plastic_01873.jpg,plastic
plastic_01413.jpg,plastic
paper_01940.jpg,paper
glass_04314.jpg,glass
metal_01117.jpg,metal
cardboard_02844.jpg,cardboard
trash_04839.jpg,trash
glass_05404.jpg,glass
glass_04032.jpg,glass
paper_01908.jpg,paper
cardboard_00991.jpg,cardboard
metal_02347.jpg,metal
cardboard_01617.jpg,cardboard
glass_03548.jpg,glass
plastic_02839.jpg,plastic
metal_01334.jpg,metal
cardboard_01837.jpg,cardboard
cardboard_02214.jpg,cardboard
glass_02759.jpg,glass
trash_01263.jpg,trash
plastic_02170.jpg,plastic
metal_00488.jpg,metal
glass_01278.jpg,glass
plastic_02084.jpg,plastic
glass_04346.jpg,glass
metal_00016.jpg,metal
plastic_02321.jpg,plastic
plastic_02989.jpg,plastic
cardboard_02098.jpg,cardboard
trash_05856.jpg,trash
metal_01693.jpg,metal
plastic_01671.jpg,plastic
cardboard_02279.jpg,cardboard
metal_01943.jpg,metal
metal_01272.jpg,metal
cardboard_01380.jpg,cardboard
plastic_02187.jpg,plastic
trash_16463.jpg,trash
paper_01744.jpg,paper
trash_07947.jpg,trash
paper_00541.jpg,paper
glass_02364.jpg,glass
plastic_02399.jpg,plastic
plastic_01770.jpg,plastic
trash_17974.jpg,trash
cardboard_01658.jpg,cardboard
trash_07397.jpg,trash
paper_02519.jpg,paper
trash_05388.jpg,trash
plastic_02852.jpg,plastic
plastic_01859.jpg,plastic
plastic_03088.jpg,plastic
cardboard_01646.jpg,cardboard
glass_00955.jpg,glass
trash_19861.jpg,trash
cardboard_01515.jpg,cardboard
plastic_02563.jpg,plastic
trash_17148.jpg,trash
trash_07443.jpg,trash
glass_02812.jpg,glass
glass_00695.jpg,glass
paper_00595.jpg,paper
metal_00986.jpg,metal
plastic_02878.jpg,plastic
metal_02712.jpg,metal
glass_02393.jpg,glass
paper_03074.jpg,paper
paper_02607.jpg,paper
glass_00217.jpg,glass
glass_01559.jpg,glass
trash_09097.jpg,trash
cardboard_02515.jpg,cardboard
paper_01103.jpg,paper
paper_01674.jpg,paper
trash_17060.jpg,trash
metal_01840.jpg,metal
trash_03967.jpg,trash
trash_09290.jpg,trash
paper_01914.jpg,paper
glass_02338.jpg,glass
plastic_03187.jpg,plastic
metal_02503.jpg,metal
cardboard_02862.jpg,cardboard
plastic_02111.jpg,plastic
glass_04243.jpg,glass
paper_00573.jpg,paper
paper_02641.jpg,paper
cardboard_01125.jpg,cardboard
metal_01530.jpg,metal
paper_02841.jpg,paper
glass_02433.jpg,glass
paper_01866.jpg,paper
glass_02437.jpg,glass
cardboard_02565.jpg,cardboard
glass_05091.jpg,glass
cardboard_02262.jpg,cardboard
trash_16110.jpg,trash
metal_01482.jpg,metal
paper_01871.jpg,paper
plastic_02458.jpg,plastic
glass_05534.jpg,glass
cardboard_01650.jpg,cardboard
trash_18009.jpg,trash
paper_02367.jpg,paper
trash_12243.jpg,trash
glass_04126.jpg,glass
glass_03022.jpg,glass
glass_04313.jpg,glass
paper_00705.jpg,paper
plastic_02657.jpg,plastic
trash_09146.jpg,trash
metal_01403.jpg,metal
plastic_02634.jpg,plastic
plastic_02470.jpg,plastic
cardboard_02556.jpg,cardboard
plastic_02881.jpg,plastic
glass_05517.jpg,glass
trash_00026.jpg,trash
trash_12724.jpg,trash
plastic_01300.jpg,plastic
plastic_02126.jpg,plastic
plastic_02315.jpg,plastic
glass_05117.jpg,glass
glass_02835.jpg,glass
paper_00674.jpg,paper
glass_00040.jpg,glass
cardboard_02009.jpg,cardboard
glass_04806.jpg,glass
trash_16344.jpg,trash
trash_15862.jpg,trash
trash_05395.jpg,trash
plastic_01680.jpg,plastic
glass_01067.jpg,glass
paper_02371.jpg,paper
trash_09136.jpg,trash
plastic_01877.jpg,plastic
trash_09556.jpg,trash
cardboard_02170.jpg,cardboard
paper_02399.jpg,paper
paper_02446.jpg,paper
paper_00821.jpg,paper
metal_02100.jpg,metal
paper_02755.jpg,paper
trash_03280.jpg,trash
paper_01415.jpg,paper
paper_01804.jpg,paper
glass_01613.jpg,glass
trash_09173.jpg,trash
metal_02119.jpg,metal
glass_02138.jpg,glass
paper_03192.jpg,paper
plastic_01357.jpg,plastic
metal_02249.jpg,metal
glass_02736.jpg,glass
cardboard_00945.jpg,cardboard
paper_00941.jpg,paper
glass_04461.jpg,glass
metal_01329.jpg,metal
cardboard_00642.jpg,cardboard
plastic_02844.jpg,plastic
plastic_02199.jpg,plastic
plastic_01273.jpg,plastic
glass_02180.jpg,glass
plastic_00492.jpg,plastic
glass_02903.jpg,glass
paper_01597.jpg,paper
paper_00720.jpg,paper
metal_00974.jpg,metal
trash_01562.jpg,trash
cardboard_00849.jpg,cardboard
trash_00169.jpg,trash
plastic_00206.jpg,plastic
cardboard_02509.jpg,cardboard
metal_02185.jpg,metal
paper_02933.jpg,paper
glass_03604.jpg,glass
trash_17327.jpg,trash
glass_01739.jpg,glass
glass_02612.jpg,glass
glass_04516.jpg,glass
plastic_00828.jpg,plastic
paper_02965.jpg,paper
cardboard_01661.jpg,cardboard
plastic_01589.jpg,plastic
glass_03397.jpg,glass
plastic_00659.jpg,plastic
plastic_02256.jpg,plastic
trash_05260.jpg,trash
metal_00257.jpg,metal
glass_02425.jpg,glass
paper_02379.jpg,paper
metal_02407.jpg,metal
plastic_00907.jpg,plastic
paper_02956.jpg,paper
trash_05096.jpg,trash
glass_02988.jpg,glass
paper_02516.jpg,paper
metal_01820.jpg,metal
plastic_02991.jpg,plastic
glass_03438.jpg,glass
cardboard_01675.jpg,cardboard
plastic_01592.jpg,plastic
plastic_00422.jpg,plastic
paper_01060.jpg,paper
glass_00717.jpg,glass
trash_15909.jpg,trash
plastic_00484.jpg,plastic
trash_14843.jpg,trash
trash_02054.jpg,trash
cardboard_01075.jpg,cardboard
plastic_00841.jpg,plastic
glass_02279.jpg,glass
paper_02478.jpg,paper
plastic_00761.jpg,plastic
paper_00968.jpg,paper
cardboard_02976.jpg,cardboard
paper_02457.jpg,paper
paper_03126.jpg,paper
glass_02145.jpg,glass
trash_16230.jpg,trash
trash_18249.jpg,trash
plastic_02848.jpg,plastic
cardboard_00368.jpg,cardboard
glass_03515.jpg,glass
trash_10875.jpg,trash
metal_01134.jpg,metal
cardboard_01139.jpg,cardboard
plastic_01497.jpg,plastic
cardboard_00296.jpg,cardboard
plastic_02617.jpg,plastic
paper_02974.jpg,paper
plastic_00819.jpg,plastic
paper_00222.jpg,paper
paper_02479.jpg,paper
cardboard_02129.jpg,cardboard
trash_14206.jpg,trash
plastic_01299.jpg,plastic
metal_02273.jpg,metal
glass_03942.jpg,glass
trash_17512.jpg,trash
paper_02043.jpg,paper
metal_01847.jpg,metal
trash_00697.jpg,trash
glass_01132.jpg,glass
plastic_00779.jpg,plastic
cardboard_01492.jpg,cardboard
cardboard_01839.jpg,cardboard
cardboard_01466.jpg,cardboard
glass_03183.jpg,glass
cardboard_00486.jpg,cardboard
cardboard_01716.jpg,cardboard
glass_05359.jpg,glass
cardboard_02974.jpg,cardboard
glass_03295.jpg,glass
glass_04149.jpg,glass
cardboard_01070.jpg,cardboard
metal_02137.jpg,metal
paper_00929.jpg,paper
paper_02344.jpg,paper
glass_00618.jpg,glass
paper_02211.jpg,paper
metal_02037.jpg,metal
cardboard_00844.jpg,cardboard
cardboard_01834.jpg,cardboard
trash_14758.jpg,trash
glass_04534.jpg,glass
cardboard_02089.jpg,cardboard
trash_07794.jpg,trash
plastic_01995.jpg,plastic
trash_12651.jpg,trash
trash_00359.jpg,trash
cardboard_01319.jpg,cardboard
plastic_02837.jpg,plastic
glass_00394.jpg,glass
glass_05023.jpg,glass
cardboard_02611.jpg,cardboard
glass_05133.jpg,glass
trash_09406.jpg,trash
cardboard_02329.jpg,cardboard
glass_03323.jpg,glass
metal_02294.jpg,metal
plastic_02641.jpg,plastic
metal_02011.jpg,metal
trash_01921.jpg,trash
paper_01682.jpg,paper
metal_02711.jpg,metal
cardboard_02325.jpg,cardboard
glass_01198.jpg,glass
cardboard_02788.jpg,cardboard
glass_01274.jpg,glass
paper_01379.jpg,paper
plastic_00531.jpg,plastic
metal_02179.jpg,metal
plastic_00222.jpg,plastic
glass_05127.jpg,glass
glass_04456.jpg,glass
trash_07892.jpg,trash
plastic_01998.jpg,plastic
metal_01246.jpg,metal
glass_02808.jpg,glass
plastic_02287.jpg,plastic
trash_15065.jpg,trash
trash_15608.jpg,trash
trash_11051.jpg,trash
cardboard_01764.jpg,cardboard
plastic_02975.jpg,plastic
metal_01504.jpg,metal
cardboard_02165.jpg,cardboard
cardboard_01852.jpg,cardboard
cardboard_02219.jpg,cardboard
trash_12070.jpg,trash
trash_04859.jpg,trash
trash_02138.jpg,trash
plastic_00013.jpg,plastic
plastic_00299.jpg,plastic
paper_03281.jpg,paper
cardboard_01521.jpg,cardboard
paper_01834.jpg,paper
paper_03095.jpg,paper
plastic_02429.jpg,plastic
trash_14056.jpg,trash
trash_01646.jpg,trash
cardboard_00513.jpg,cardboard
metal_02463.jpg,metal
plastic_02158.jpg,plastic
metal_02236.jpg,metal
glass_05377.jpg,glass
metal_01965.jpg,metal
cardboard_00181.jpg,cardboard
plastic_01896.jpg,plastic
glass_03888.jpg,glass
cardboard_02491.jpg,cardboard
metal_02318.jpg,metal
paper_02957.jpg,paper
trash_08580.jpg,trash
glass_04545.jpg,glass
trash_01672.jpg,trash
trash_08271.jpg,trash
plastic_00826.jpg,plastic
trash_00044.jpg,trash
glass_03450.jpg,glass
trash_00383.jpg,trash
cardboard_02505.jpg,cardboard
trash_02703.jpg,trash
glass_05509.jpg,glass
paper_00439.jpg,paper
glass_02200.jpg,glass
plastic_01851.jpg,plastic
trash_10709.jpg,trash
metal_02352.jpg,metal
paper_03184.jpg,paper
paper_03050.jpg,paper
plastic_01785.jpg,plastic
cardboard_01628.jpg,cardboard
metal_01205.jpg,metal
metal_02332.jpg,metal
metal_02453.jpg,metal
cardboard_02829.jpg,cardboard
metal_01498.jpg,metal
cardboard_02853.jpg,cardboard
cardboard_01266.jpg,cardboard
plastic_03244.jpg,plastic
trash_13188.jpg,trash
glass_04876.jpg,glass
glass_03158.jpg,glass
paper_02593.jpg,paper
plastic_01777.jpg,plastic
metal_02040.jpg,metal
cardboard_00939.jpg,cardboard
metal_02704.jpg,metal
metal_00553.jpg,metal
trash_14666.jpg,trash
metal_01550.jpg,metal
glass_03970.jpg,glass
glass_00858.jpg,glass
paper_02727.jpg,paper
plastic_02284.jpg,plastic
metal_00852.jpg,metal
plastic_02955.jpg,plastic
paper_02754.jpg,paper
cardboard_02438.jpg,cardboard
trash_19205.jpg,trash
plastic_03248.jpg,plastic
metal_01240.jpg,metal
paper_02005.jpg,paper
metal_02539.jpg,metal
paper_01977.jpg,paper
plastic_00349.jpg,plastic
paper_02375.jpg,paper
paper_02815.jpg,paper
cardboard_02913.jpg,cardboard
glass_01885.jpg,glass
plastic_02049.jpg,plastic
plastic_02650.jpg,plastic
glass_03690.jpg,glass
paper_00691.jpg,paper
paper_03175.jpg,paper
cardboard_00180.jpg,cardboard
trash_09974.jpg,trash
glass_03955.jpg,glass
plastic_01509.jpg,plastic
paper_01256.jpg,paper
glass_00745.jpg,glass
plastic_03111.jpg,plastic
cardboard_01218.jpg,cardboard
cardboard_01924.jpg,cardboard
plastic_03191.jpg,plastic
trash_19605.jpg,trash
metal_02465.jpg,metal
metal_02198.jpg,metal
cardboard_00214.jpg,cardboard
plastic_02756.jpg,plastic
trash_19479.jpg,trash
cardboard_02480.jpg,cardboard
plastic_02720.jpg,plastic
glass_02000.jpg,glass
glass_01310.jpg,glass
paper_02564.jpg,paper
trash_12155.jpg,trash
trash_17727.jpg,trash
cardboard_01868.jpg,cardboard
metal_01527.jpg,metal
glass_03002.jpg,glass
paper_02623.jpg,paper
glass_02557.jpg,glass
cardboard_02240.jpg,cardboard
cardboard_02835.jpg,cardboard
glass_03147.jpg,glass
metal_02232.jpg,metal
plastic_01615.jpg,plastic
metal_01723.jpg,metal
trash_09880.jpg,trash
cardboard_00637.jpg,cardboard
trash_12216.jpg,trash
metal_00592.jpg,metal
plastic_03070.jpg,plastic
cardboard_02489.jpg,cardboard
metal_01912.jpg,metal
paper_02611.jpg,paper
paper_02224.jpg,paper
glass_00631.jpg,glass
cardboard_02968.jpg,cardboard
trash_01407.jpg,trash
plastic_02731.jpg,plastic
trash_00426.jpg,trash
paper_01967.jpg,paper
paper_01342.jpg,paper
cardboard_01378.jpg,cardboard
cardboard_03073.jpg,cardboard
glass_03537.jpg,glass
metal_02174.jpg,metal
cardboard_02945.jpg,cardboard
glass_03381.jpg,glass
paper_02771.jpg,paper
trash_02349.jpg,trash
metal_00264.jpg,metal
metal_02172.jpg,metal
paper_02635.jpg,paper
trash_15247.jpg,trash
plastic_02783.jpg,plastic
plastic_01018.jpg,plastic
glass_02073.jpg,glass
glass_03744.jpg,glass
glass_00338.jpg,glass
metal_01310.jpg,metal
metal_01890.jpg,metal
glass_02349.jpg,glass
glass_02688.jpg,glass
paper_02181.jpg,paper
metal_02455.jpg,metal
metal_02400.jpg,metal
metal_01162.jpg,metal
cardboard_00576.jpg,cardboard
glass_04621.jpg,glass
plastic_02656.jpg,plastic
cardboard_01150.jpg,cardboard
trash_13380.jpg,trash
metal_00832.jpg,metal
trash_02620.jpg,trash
glass_03176.jpg,glass
plastic_02588.jpg,plastic
plastic_00522.jpg,plastic
cardboard_02394.jpg,cardboard
plastic_00667.jpg,plastic
paper_00328.jpg,paper
plastic_02439.jpg,plastic
paper_02415.jpg,paper
glass_04244.jpg,glass
trash_14561.jpg,trash
paper_00600.jpg,paper
paper_00105.jpg,paper
plastic_01704.jpg,plastic
paper_03058.jpg,paper
plastic_00977.jpg,plastic
plastic_01937.jpg,plastic
glass_03668.jpg,glass
glass_01847.jpg,glass
plastic_02976.jpg,plastic
paper_01142.jpg,paper
glass_02063.jpg,glass
plastic_02467.jpg,plastic
paper_02304.jpg,paper
glass_03001.jpg,glass
metal_00977.jpg,metal
plastic_03014.jpg,plastic
paper_01461.jpg,paper
plastic_02099.jpg,plastic
trash_10486.jpg,trash
trash_02288.jpg,trash
plastic_01609.jpg,plastic
glass_00189.jpg,glass
trash_14769.jpg,trash
metal_02398.jpg,metal
cardboard_00351.jpg,cardboard
glass_01702.jpg,glass
metal_00599.jpg,metal
cardboard_01121.jpg,cardboard
metal_02095.jpg,metal
plastic_01768.jpg,plastic
trash_03503.jpg,trash
trash_11396.jpg,trash
metal_01792.jpg,metal
trash_05579.jpg,trash
glass_02938.jpg,glass
glass_00190.jpg,glass
cardboard_00501.jpg,cardboard
paper_00220.jpg,paper
trash_06613.jpg,trash
metal_01781.jpg,metal
paper_00781.jpg,paper
trash_07764.jpg,trash
trash_02502.jpg,trash
paper_02322.jpg,paper
metal_01878.jpg,metal
cardboard_02012.jpg,cardboard
trash_14619.jpg,trash
glass_03817.jpg,glass
glass_03590.jpg,glass
paper_00560.jpg,paper
cardboard_01571.jpg,cardboard
trash_13317.jpg,trash
cardboard_01563.jpg,cardboard
glass_00838.jpg,glass
plastic_00697.jpg,plastic
trash_06798.jpg,trash
metal_02317.jpg,metal
metal_01905.jpg,metal
plastic_00938.jpg,plastic
glass_00094.jpg,glass
plastic_00858.jpg,plastic
plastic_02660.jpg,plastic
glass_00571.jpg,glass
plastic_03114.jpg,plastic
trash_07000.jpg,trash
paper_01868.jpg,paper
glass_03929.jpg,glass
paper_03103.jpg,paper
glass_03488.jpg,glass
trash_01610.jpg,trash
plastic_01992.jpg,plastic
paper_02731.jpg,paper
trash_16603.jpg,trash
paper_02979.jpg,paper
metal_01735.jpg,metal
cardboard_00720.jpg,cardboard
paper_02922.jpg,paper
paper_00871.jpg,paper
cardboard_02653.jpg,cardboard
glass_00852.jpg,glass
glass_00616.jpg,glass
glass_02919.jpg,glass
metal_01445.jpg,metal
metal_01447.jpg,metal
plastic_02198.jpg,plastic
trash_03802.jpg,trash
plastic_03090.jpg,plastic
paper_01522.jpg,paper
glass_04230.jpg,glass
metal_02635.jpg,metal
trash_16173.jpg,trash
trash_06664.jpg,trash
plastic_01707.jpg,plastic
trash_09629.jpg,trash
glass_02605.jpg,glass
glass_03357.jpg,glass
trash_19136.jpg,trash
trash_01574.jpg,trash
cardboard_02197.jpg,cardboard
trash_14525.jpg,trash
cardboard_00987.jpg,cardboard
trash_11884.jpg,trash
paper_00453.jpg,paper
plastic_02202.jpg,plastic
glass_02077.jpg,glass
cardboard_01370.jpg,cardboard
glass_02775.jpg,glass
glass_03605.jpg,glass
glass_03870.jpg,glass
trash_06100.jpg,trash
paper_02276.jpg,paper
plastic_02040.jpg,plastic
trash_17022.jpg,trash
paper_01025.jpg,paper
trash_03469.jpg,trash
glass_03508.jpg,glass
plastic_02437.jpg,plastic
paper_01584.jpg,paper
cardboard_02998.jpg,cardboard
cardboard_01919.jpg,cardboard
metal_02061.jpg,metal
trash_14588.jpg,trash
glass_04792.jpg,glass
glass_03140.jpg,glass
metal_01861.jpg,metal
metal_01602.jpg,metal
cardboard_02727.jpg,cardboard
plastic_01699.jpg,plastic
plastic_02178.jpg,plastic
paper_03230.jpg,paper
glass_05072.jpg,glass
trash_07819.jpg,trash
glass_00508.jpg,glass
trash_08041.jpg,trash
glass_04028.jpg,glass
trash_02693.jpg,trash
cardboard_02122.jpg,cardboard
trash_06800.jpg,trash
paper_00709.jpg,paper
cardboard_01914.jpg,cardboard
paper_02680.jpg,paper
cardboard_02582.jpg,cardboard
trash_03740.jpg,trash
glass_01723.jpg,glass
metal_01609.jpg,metal
glass_05447.jpg,glass
trash_18124.jpg,trash
trash_16320.jpg,trash
cardboard_01336.jpg,cardboard
paper_01432.jpg,paper
paper_00764.jpg,paper
glass_00602.jpg,glass
trash_16086.jpg,trash
glass_04594.jpg,glass
cardboard_02798.jpg,cardboard
cardboard_02323.jpg,cardboard
trash_06445.jpg,trash
paper_02673.jpg,paper
plastic_01213.jpg,plastic
glass_04757.jpg,glass
cardboard_01663.jpg,cardboard
metal_02340.jpg,metal
paper_00008.jpg,paper
plastic_02347.jpg,plastic
plastic_03047.jpg,plastic
metal_00012.jpg,metal
glass_00463.jpg,glass
cardboard_02132.jpg,cardboard
trash_03906.jpg,trash
plastic_02421.jpg,plastic
metal_02339.jpg,metal
plastic_02452.jpg,plastic
metal_00766.jpg,metal
trash_13467.jpg,trash
glass_04506.jpg,glass
trash_20035.jpg,trash
metal_01481.jpg,metal
metal_01771.jpg,metal
paper_01207.jpg,paper
trash_02305.jpg,trash
trash_10327.jpg,trash
paper_00193.jpg,paper
trash_10463.jpg,trash
glass_01748.jpg,glass
paper_00295.jpg,paper
plastic_01811.jpg,plastic
trash_05803.jpg,trash
metal_02558.jpg,metal
paper_01924.jpg,paper
metal_02645.jpg,metal
trash_13860.jpg,trash
glass_04864.jpg,glass
trash_06542.jpg,trash
metal_02377.jpg,metal
cardboard_01826.jpg,cardboard
glass_00650.jpg,glass
glass_01168.jpg,glass
glass_05487.jpg,glass
glass_05476.jpg,glass
glass_00077.jpg,glass
plastic_01535.jpg,plastic
trash_18601.jpg,trash
glass_04376.jpg,glass
glass_02626.jpg,glass
trash_15937.jpg,trash
metal_02387.jpg,metal
trash_05117.jpg,trash
cardboard_01315.jpg,cardboard
plastic_02914.jpg,plastic
cardboard_01582.jpg,cardboard
trash_07796.jpg,trash
plastic_01855.jpg,plastic
plastic_01483.jpg,plastic
glass_00816.jpg,glass
metal_02203.jpg,metal
plastic_02257.jpg,plastic
cardboard_02826.jpg,cardboard
metal_01026.jpg,metal
glass_03165.jpg,glass
glass_02991.jpg,glass
glass_00557.jpg,glass
glass_00330.jpg,glass
paper_02011.jpg,paper
cardboard_02780.jpg,cardboard
glass_04684.jpg,glass
cardboard_01290.jpg,cardboard
cardboard_02000.jpg,cardboard
cardboard_00539.jpg,cardboard
paper_02988.jpg,paper
paper_02916.jpg,paper
cardboard_01863.jpg,cardboard
cardboard_02388.jpg,cardboard
plastic_01739.jpg,plastic
plastic_02956.jpg,plastic
paper_02183.jpg,paper
paper_02069.jpg,paper
trash_02346.jpg,trash
trash_03384.jpg,trash
trash_04006.jpg,trash
glass_00568.jpg,glass
cardboard_00930.jpg,cardboard
trash_00899.jpg,trash
paper_02036.jpg,paper
cardboard_01120.jpg,cardboard
plastic_02304.jpg,plastic
glass_05540.jpg,glass
glass_00350.jpg,glass
glass_01796.jpg,glass
glass_00057.jpg,glass
metal_00355.jpg,metal
glass_01997.jpg,glass
paper_00488.jpg,paper
plastic_01630.jpg,plastic
plastic_02326.jpg,plastic
paper_02897.jpg,paper
trash_00271.jpg,trash
paper_00785.jpg,paper
cardboard_01667.jpg,cardboard
glass_00528.jpg,glass
plastic_01238.jpg,plastic
glass_04340.jpg,glass
metal_02028.jpg,metal
glass_01302.jpg,glass
cardboard_00318.jpg,cardboard
cardboard_02182.jpg,cardboard
trash_07278.jpg,trash
plastic_02594.jpg,plastic
trash_19653.jpg,trash
cardboard_00469.jpg,cardboard
trash_01750.jpg,trash
glass_03637.jpg,glass
metal_01817.jpg,metal
plastic_01484.jpg,plastic
cardboard_02991.jpg,cardboard
paper_02221.jpg,paper
cardboard_02722.jpg,cardboard
trash_05733.jpg,trash
metal_01276.jpg,metal
metal_00245.jpg,metal
cardboard_02775.jpg,cardboard
trash_06923.jpg,trash
plastic_02890.jpg,plastic
cardboard_01388.jpg,cardboard
glass_02986.jpg,glass
metal_02191.jpg,metal
metal_01361.jpg,metal
trash_14650.jpg,trash
glass_01225.jpg,glass
glass_04356.jpg,glass
metal_01869.jpg,metal
paper_00758.jpg,paper
metal_00664.jpg,metal
paper_01564.jpg,paper
metal_02030.jpg,metal
trash_19362.jpg,trash
glass_00078.jpg,glass
plastic_03304.jpg,plastic
glass_03470.jpg,glass
glass_04968.jpg,glass
trash_05963.jpg,trash
cardboard_01735.jpg,cardboard
paper_02757.jpg,paper
paper_01876.jpg,paper
cardboard_00982.jpg,cardboard
metal_01788.jpg,metal
paper_00226.jpg,paper
metal_01107.jpg,metal
paper_02488.jpg,paper
trash_17699.jpg,trash
cardboard_01782.jpg,cardboard
plastic_01599.jpg,plastic
metal_02403.jpg,metal
plastic_01849.jpg,plastic
trash_10932.jpg,trash
paper_01654.jpg,paper
glass_02748.jpg,glass
metal_01305.jpg,metal
plastic_03199.jpg,plastic
metal_01489.jpg,metal
plastic_02697.jpg,plastic
cardboard_01496.jpg,cardboard
plastic_01138.jpg,plastic
paper_02298.jpg,paper
paper_01905.jpg,paper
glass_02781.jpg,glass
plastic_02264.jpg,plastic
cardboard_00913.jpg,cardboard
plastic_02539.jpg,plastic
trash_18111.jpg,trash
metal_02303.jpg,metal
metal_00640.jpg,metal
paper_00037.jpg,paper
cardboard_02314.jpg,cardboard
trash_05598.jpg,trash
plastic_01668.jpg,plastic
glass_02829.jpg,glass
plastic_00916.jpg,plastic
paper_03170.jpg,paper
plastic_02423.jpg,plastic
plastic_02929.jpg,plastic
cardboard_02682.jpg,cardboard
glass_02394.jpg,glass
metal_02104.jpg,metal
cardboard_01969.jpg,cardboard
cardboard_01402.jpg,cardboard
cardboard_02273.jpg,cardboard
cardboard_01143.jpg,cardboard
paper_01349.jpg,paper
metal_01549.jpg,metal
paper_02977.jpg,paper
paper_01608.jpg,paper
paper_01191.jpg,paper
trash_03307.jpg,trash
metal_02553.jpg,metal
cardboard_02003.jpg,cardboard
metal_01069.jpg,metal
plastic_02120.jpg,plastic
trash_02531.jpg,trash
glass_01398.jpg,glass
paper_01039.jpg,paper
metal_01486.jpg,metal
plastic_03120.jpg,plastic
metal_00547.jpg,metal
trash_00782.jpg,trash
trash_00441.jpg,trash
metal_01584.jpg,metal
paper_00738.jpg,paper
plastic_02869.jpg,plastic
paper_02678.jpg,paper
trash_05041.jpg,trash
glass_05349.jpg,glass
cardboard_02352.jpg,cardboard
trash_06930.jpg,trash
metal_01908.jpg,metal
trash_10541.jpg,trash
trash_00040.jpg,trash
metal_01314.jpg,metal
trash_03502.jpg,trash
glass_03237.jpg,glass
paper_03089.jpg,paper
plastic_00984.jpg,plastic
plastic_02678.jpg,plastic
glass_03740.jpg,glass
glass_03619.jpg,glass
cardboard_01923.jpg,cardboard
cardboard_00804.jpg,cardboard
glass_00809.jpg,glass
paper_01548.jpg,paper
paper_01801.jpg,paper
trash_16649.jpg,trash
paper_00826.jpg,paper
metal_02261.jpg,metal
cardboard_01879.jpg,cardboard
plastic_02753.jpg,plastic
metal_02063.jpg,metal
trash_09439.jpg,trash
cardboard_00885.jpg,cardboard
metal_01845.jpg,metal
plastic_02230.jpg,plastic
glass_01543.jpg,glass
cardboard_01994.jpg,cardboard
glass_04452.jpg,glass
plastic_01758.jpg,plastic
cardboard_02616.jpg,cardboard
paper_01247.jpg,paper
metal_00721.jpg,metal
plastic_03205.jpg,plastic
cardboard_01311.jpg,cardboard
paper_01645.jpg,paper
cardboard_03071.jpg,cardboard
plastic_02168.jpg,plastic
trash_02486.jpg,trash
paper_02361.jpg,paper
glass_04590.jpg,glass
trash_02790.jpg,trash
metal_01564.jpg,metal
paper_01230.jpg,paper
plastic_01947.jpg,plastic
trash_06645.jpg,trash
cardboard_02692.jpg,cardboard
glass_02111.jpg,glass
paper_02093.jpg,paper
cardboard_01773.jpg,cardboard
metal_02688.jpg,metal
glass_04919.jpg,glass
glass_00732.jpg,glass
trash_10258.jpg,trash
trash_08177.jpg,trash
cardboard_02693.jpg,cardboard
cardboard_01358.jpg,cardboard
glass_00074.jpg,glass
plastic_00381.jpg,plastic
metal_00988.jpg,metal
trash_01641.jpg,trash
paper_01092.jpg,paper
glass_02283.jpg,glass
plastic_02067.jpg,plastic
cardboard_02714.jpg,cardboard
trash_03504.jpg,trash
cardboard_01295.jpg,cardboard
paper_00814.jpg,paper
glass_04575.jpg,glass
metal_01830.jpg,metal
metal_02151.jpg,metal
metal_02668.jpg,metal
plastic_01092.jpg,plastic
plastic_03242.jpg,plastic
paper_01001.jpg,paper
trash_11593.jpg,trash
plastic_02743.jpg,plastic
metal_00584.jpg,metal
trash_11878.jpg,trash
metal_02643.jpg,metal
trash_05403.jpg,trash
trash_10409.jpg,trash
metal_01920.jpg,metal
glass_00827.jpg,glass
cardboard_01043.jpg,cardboard
glass_00245.jpg,glass
trash_09930.jpg,trash
paper_02688.jpg,paper
metal_01689.jpg,metal
cardboard_02073.jpg,cardboard
glass_04384.jpg,glass
trash_07878.jpg,trash
trash_12547.jpg,trash
plastic_00630.jpg,plastic
glass_01561.jpg,glass
metal_02150.jpg,metal
glass_03902.jpg,glass
cardboard_02670.jpg,cardboard
trash_10063.jpg,trash
trash_16410.jpg,trash
glass_03994.jpg,glass
cardboard_02306.jpg,cardboard
glass_00537.jpg,glass
plastic_00584.jpg,plastic
metal_02319.jpg,metal
glass_00390.jpg,glass
plastic_02026.jpg,plastic
paper_03206.jpg,paper
glass_05039.jpg,glass
metal_02046.jpg,metal
glass_03148.jpg,glass
glass_02865.jpg,glass
paper_03210.jpg,paper
paper_03054.jpg,paper
trash_09104.jpg,trash
cardboard_02288.jpg,cardboard
trash_15976.jpg,trash
cardboard_00023.jpg,cardboard
plastic_02819.jpg,plastic
trash_01930.jpg,trash
paper_00842.jpg,paper
plastic_01521.jpg,plastic
plastic_03296.jpg,plastic
glass_02817.jpg,glass
metal_02209.jpg,metal
metal_01632.jpg,metal
glass_05143.jpg,glass
trash_19462.jpg,trash
cardboard_01936.jpg,cardboard
glass_05128.jpg,glass
plastic_01332.jpg,plastic
trash_13708.jpg,trash
metal_01296.jpg,metal
plastic_00582.jpg,plastic
glass_02500.jpg,glass
paper_00645.jpg,paper
glass_02578.jpg,glass
trash_07196.jpg,trash
plastic_02113.jpg,plastic
glass_03998.jpg,glass
paper_02671.jpg,paper
plastic_02628.jpg,plastic
cardboard_00348.jpg,cardboard
paper_03212.jpg,paper
trash_14278.jpg,trash
glass_05362.jpg,glass
glass_01277.jpg,glass
trash_19553.jpg,trash
cardboard_00369.jpg,cardboard
paper_00409.jpg,paper
plastic_03063.jpg,plastic
trash_10453.jpg,trash
paper_03004.jpg,paper
plastic_02728.jpg,plastic
cardboard_01965.jpg,cardboard
paper_01527.jpg,paper
paper_01997.jpg,paper
glass_04258.jpg,glass
trash_10372.jpg,trash
plastic_02655.jpg,plastic
trash_06632.jpg,trash
metal_01713.jpg,metal
metal_01954.jpg,metal
metal_01701.jpg,metal
trash_18367.jpg,trash
cardboard_01718.jpg,cardboard
paper_01681.jpg,paper
paper_00662.jpg,paper
cardboard_00155.jpg,cardboard
cardboard_01535.jpg,cardboard
trash_19016.jpg,trash
plastic_02602.jpg,plastic
glass_05028.jpg,glass
trash_01314.jpg,trash
trash_17971.jpg,trash
glass_05160.jpg,glass
paper_02044.jpg,paper
metal_01277.jpg,metal
glass_03862.jpg,glass
metal_01137.jpg,metal
cardboard_02806.jpg,cardboard
paper_01358.jpg,paper
trash_11927.jpg,trash
metal_00786.jpg,metal
cardboard_01645.jpg,cardboard
plastic_01946.jpg,plastic
plastic_03327.jpg,plastic
glass_01599.jpg,glass
metal_00068.jpg,metal
paper_01110.jpg,paper
paper_02506.jpg,paper
plastic_00746.jpg,plastic
trash_14741.jpg,trash
plastic_00368.jpg,plastic
metal_02495.jpg,metal
cardboard_01968.jpg,cardboard
glass_02850.jpg,glass
plastic_03102.jpg,plastic
glass_04697.jpg,glass
paper_01360.jpg,paper
trash_06443.jpg,trash
trash_18811.jpg,trash
metal_01412.jpg,metal
metal_02101.jpg,metal
metal_02689.jpg,metal
cardboard_01314.jpg,cardboard
trash_15474.jpg,trash
glass_01960.jpg,glass
trash_01387.jpg,trash
paper_01840.jpg,paper
paper_02978.jpg,paper
trash_04580.jpg,trash
plastic_03137.jpg,plastic
metal_00623.jpg,metal
plastic_02687.jpg,plastic
plastic_01076.jpg,plastic
paper_02568.jpg,paper
metal_02086.jpg,metal
metal_00143.jpg,metal
metal_02588.jpg,metal
trash_09297.jpg,trash
paper_01784.jpg,paper
cardboard_02501.jpg,cardboard
plastic_00805.jpg,plastic
plastic_02387.jpg,plastic
metal_00688.jpg,metal
plastic_03287.jpg,plastic
glass_02506.jpg,glass
paper_01425.jpg,paper
trash_11285.jpg,trash
glass_02946.jpg,glass
cardboard_03012.jpg,cardboard
paper_02237.jpg,paper
metal_01934.jpg,metal
cardboard_02160.jpg,cardboard
metal_00048.jpg,metal
trash_02978.jpg,trash
metal_00674.jpg,metal
cardboard_02857.jpg,cardboard
cardboard_03000.jpg,cardboard
trash_14100.jpg,trash
cardboard_01921.jpg,cardboard
trash_16059.jpg,trash
plastic_02606.jpg,plastic
paper_01238.jpg,paper
trash_11436.jpg,trash
paper_01036.jpg,paper
glass_05431.jpg,glass
metal_01184.jpg,metal
plastic_02773.jpg,plastic
trash_00362.jpg,trash
glass_01007.jpg,glass
paper_02059.jpg,paper
metal_01515.jpg,metal
trash_07282.jpg,trash
plastic_02627.jpg,plastic
trash_10100.jpg,trash
trash_16468.jpg,trash
metal_02551.jpg,metal
trash_15057.jpg,trash
glass_02469.jpg,glass
cardboard_01621.jpg,cardboard
paper_03112.jpg,paper
cardboard_01082.jpg,cardboard
plastic_01296.jpg,plastic
plastic_00666.jpg,plastic
glass_03518.jpg,glass
cardboard_00611.jpg,cardboard
plastic_02653.jpg,plastic
plastic_01184.jpg,plastic
trash_07919.jpg,trash
cardboard_00511.jpg,cardboard
cardboard_01439.jpg,cardboard
cardboard_03046.jpg,cardboard
plastic_03105.jpg,plastic
paper_02584.jpg,paper
glass_05499.jpg,glass
glass_05482.jpg,glass
cardboard_02155.jpg,cardboard
metal_00680.jpg,metal
glass_02305.jpg,glass
glass_03062.jpg,glass
trash_09794.jpg,trash
metal_01554.jpg,metal
metal_02460.jpg,metal
glass_05298.jpg,glass
metal_01446.jpg,metal
paper_02227.jpg,paper
glass_02855.jpg,glass
plastic_02755.jpg,plastic
glass_00898.jpg,glass
glass_02934.jpg,glass
glass_05308.jpg,glass
glass_03100.jpg,glass
glass_04338.jpg,glass
cardboard_01023.jpg,cardboard
glass_03792.jpg,glass
glass_02858.jpg,glass
cardboard_01276.jpg,cardboard
glass_03321.jpg,glass
metal_00776.jpg,metal
paper_02814.jpg,paper
paper_02472.jpg,paper
glass_04704.jpg,glass
cardboard_02993.jpg,cardboard
metal_00822.jpg,metal
metal_01477.jpg,metal
glass_00000.jpg,glass
trash_04462.jpg,trash
metal_00755.jpg,metal
glass_03029.jpg,glass
trash_05007.jpg,trash
cardboard_01528.jpg,cardboard
metal_02183.jpg,metal
trash_14869.jpg,trash
trash_09719.jpg,trash
glass_02294.jpg,glass
glass_01991.jpg,glass
metal_02269.jpg,metal
metal_01185.jpg,metal
glass_04931.jpg,glass
metal_01330.jpg,metal
glass_01115.jpg,glass
metal_00411.jpg,metal
cardboard_02810.jpg,cardboard
trash_18023.jpg,trash
cardboard_02799.jpg,cardboard
trash_03511.jpg,trash
metal_02059.jpg,metal
cardboard_02607.jpg,cardboard
trash_19826.jpg,trash
cardboard_01997.jpg,cardboard
paper_03305.jpg,paper
paper_01577.jpg,paper
paper_01550.jpg,paper
trash_00694.jpg,trash
metal_01189.jpg,metal
trash_10479.jpg,trash
paper_01097.jpg,paper
trash_16753.jpg,trash
trash_18679.jpg,trash
glass_01341.jpg,glass
trash_08265.jpg,trash
paper_02551.jpg,paper
paper_02068.jpg,paper
trash_15434.jpg,trash
glass_00504.jpg,glass
cardboard_03056.jpg,cardboard
cardboard_02906.jpg,cardboard
glass_00942.jpg,glass
glass_04881.jpg,glass
trash_03715.jpg,trash
cardboard_00399.jpg,cardboard
paper_01388.jpg,paper
cardboard_02966.jpg,cardboard
cardboard_01078.jpg,cardboard
metal_01111.jpg,metal
glass_03991.jpg,glass
cardboard_01975.jpg,cardboard
plastic_00167.jpg,plastic
cardboard_00342.jpg,cardboard
trash_02071.jpg,trash
paper_02164.jpg,paper
trash_00913.jpg,trash
plastic_02073.jpg,plastic
cardboard_01678.jpg,cardboard
cardboard_02590.jpg,cardboard
metal_01158.jpg,metal
paper_00878.jpg,paper
cardboard_02559.jpg,cardboard
paper_02295.jpg,paper
plastic_02007.jpg,plastic
cardboard_02428.jpg,cardboard
paper_00074.jpg,paper
trash_19789.jpg,trash
cardboard_01893.jpg,cardboard
plastic_02443.jpg,plastic
metal_00846.jpg,metal
cardboard_00833.jpg,cardboard
cardboard_03106.jpg,cardboard
trash_07708.jpg,trash
trash_05926.jpg,trash
plastic_02348.jpg,plastic
glass_02582.jpg,glass
metal_02199.jpg,metal
plastic_01528.jpg,plastic
glass_04924.jpg,glass
plastic_01428.jpg,plastic
glass_03182.jpg,glass
metal_01009.jpg,metal
plastic_01188.jpg,plastic
cardboard_02745.jpg,cardboard
metal_02706.jpg,metal
cardboard_02889.jpg,cardboard
trash_00854.jpg,trash
paper_00475.jpg,paper
metal_01257.jpg,metal
trash_03102.jpg,trash
plastic_00638.jpg,plastic
trash_00603.jpg,trash
trash_10630.jpg,trash
glass_01664.jpg,glass
glass_01280.jpg,glass
plastic_02195.jpg,plastic
paper_02570.jpg,paper
cardboard_02984.jpg,cardboard
paper_00654.jpg,paper
paper_02402.jpg,paper
plastic_01274.jpg,plastic
plastic_01683.jpg,plastic
metal_01224.jpg,metal
cardboard_02091.jpg,cardboard
metal_01508.jpg,metal
trash_06858.jpg,trash
paper_02168.jpg,paper
trash_16866.jpg,trash
paper_01862.jpg,paper
cardboard_01781.jpg,cardboard
glass_02052.jpg,glass
glass_02396.jpg,glass
trash_16347.jpg,trash
cardboard_02506.jpg,cardboard
paper_02728.jpg,paper
paper_02039.jpg,paper
paper_02434.jpg,paper
metal_01903.jpg,metal
glass_04118.jpg,glass
plastic_02374.jpg,plastic
cardboard_03019.jpg,cardboard
plastic_02919.jpg,plastic
plastic_02632.jpg,plastic
trash_15658.jpg,trash
cardboard_02432.jpg,cardboard
metal_00357.jpg,metal
cardboard_03002.jpg,cardboard
cardboard_00010.jpg,cardboard
paper_03158.jpg,paper
trash_15614.jpg,trash
cardboard_02431.jpg,cardboard
trash_20207.jpg,trash
metal_00861.jpg,metal
plastic_02585.jpg,plastic
trash_14851.jpg,trash
trash_07328.jpg,trash
plastic_00240.jpg,plastic
paper_02960.jpg,paper
glass_04974.jpg,glass
cardboard_02106.jpg,cardboard
glass_01424.jpg,glass
trash_14141.jpg,trash
paper_01002.jpg,paper
metal_02156.jpg,metal
plastic_02887.jpg,plastic
paper_03010.jpg,paper
plastic_02245.jpg,plastic
paper_03166.jpg,paper
trash_13525.jpg,trash
paper_01667.jpg,paper
glass_03502.jpg,glass
plastic_03266.jpg,plastic
plastic_01472.jpg,plastic
metal_01526.jpg,metal
plastic_02055.jpg,plastic
trash_03642.jpg,trash
glass_04568.jpg,glass
glass_05229.jpg,glass
metal_01139.jpg,metal
trash_13906.jpg,trash
metal_01618.jpg,metal
glass_05225.jpg,glass
glass_03083.jpg,glass
glass_02667.jpg,glass
glass_02164.jpg,glass
plastic_02471.jpg,plastic
paper_00610.jpg,paper
paper_02073.jpg,paper
trash_16091.jpg,trash
cardboard_02957.jpg,cardboard
glass_02846.jpg,glass
trash_11364.jpg,trash
trash_09488.jpg,trash
plastic_02877.jpg,plastic
trash_05429.jpg,trash
trash_04440.jpg,trash
trash_05750.jpg,trash
glass_02788.jpg,glass
cardboard_02374.jpg,cardboard
metal_02202.jpg,metal
cardboard_02620.jpg,cardboard
glass_01088.jpg,glass
cardboard_01995.jpg,cardboard
glass_04127.jpg,glass
trash_00238.jpg,trash
cardboard_01021.jpg,cardboard
glass_01531.jpg,glass
trash_08603.jpg,trash
trash_18187.jpg,trash
cardboard_02268.jpg,cardboard
metal_01683.jpg,metal
plastic_03229.jpg,plastic
metal_01711.jpg,metal
paper_01993.jpg,paper
glass_00440.jpg,glass
plastic_02214.jpg,plastic
paper_00480.jpg,paper
trash_01089.jpg,trash
metal_01135.jpg,metal
metal_01463.jpg,metal
plastic_02811.jpg,plastic
paper_02640.jpg,paper
trash_12995.jpg,trash
metal_01787.jpg,metal
paper_02803.jpg,paper
trash_13527.jpg,trash
glass_04630.jpg,glass
cardboard_01817.jpg,cardboard
metal_01256.jpg,metal
plastic_02654.jpg,plastic
glass_04441.jpg,glass
glass_03759.jpg,glass
metal_01344.jpg,metal
plastic_02692.jpg,plastic
trash_14917.jpg,trash
glass_04918.jpg,glass
trash_05058.jpg,trash
glass_04873.jpg,glass
paper_03043.jpg,paper
paper_02655.jpg,paper
glass_03040.jpg,glass
glass_00961.jpg,glass
glass_04523.jpg,glass
plastic_01418.jpg,plastic
metal_02068.jpg,metal
cardboard_01829.jpg,cardboard
plastic_03226.jpg,plastic
trash_16165.jpg,trash
glass_05076.jpg,glass
cardboard_01630.jpg,cardboard
paper_00075.jpg,paper
trash_18883.jpg,trash
glass_01972.jpg,glass
paper_02377.jpg,paper
trash_13356.jpg,trash
plastic_02954.jpg,plastic
paper_02229.jpg,paper
metal_01743.jpg,metal
glass_04956.jpg,glass
cardboard_00994.jpg,cardboard
trash_10043.jpg,trash
trash_18786.jpg,trash
cardboard_02033.jpg,cardboard
glass_05038.jpg,glass
cardboard_02831.jpg,cardboard
plastic_01079.jpg,plastic
trash_14258.jpg,trash
paper_00908.jpg,paper
metal_01796.jpg,metal
glass_05041.jpg,glass
trash_19089.jpg,trash
trash_01626.jpg,trash
cardboard_00969.jpg,cardboard
cardboard_03016.jpg,cardboard
metal_01841.jpg,metal
glass_02830.jpg,glass
paper_01726.jpg,paper
glass_05461.jpg,glass
paper_02666.jpg,paper
cardboard_02120.jpg,cardboard
glass_05233.jpg,glass
cardboard_02041.jpg,cardboard
paper_02759.jpg,paper
plastic_01456.jpg,plastic
metal_02038.jpg,metal
cardboard_00865.jpg,cardboard
plastic_00948.jpg,plastic
paper_01117.jpg,paper
paper_00870.jpg,paper
metal_02431.jpg,metal
metal_02385.jpg,metal
trash_10725.jpg,trash
cardboard_01241.jpg,cardboard
cardboard_02305.jpg,cardboard
cardboard_02321.jpg,cardboard
plastic_02772.jpg,plastic
paper_01053.jpg,paper
cardboard_02399.jpg,cardboard
trash_15582.jpg,trash
metal_00262.jpg,metal
metal_00215.jpg,metal
cardboard_01982.jpg,cardboard
trash_12700.jpg,trash
metal_01516.jpg,metal
paper_02629.jpg,paper
cardboard_02753.jpg,cardboard
trash_17868.jpg,trash
cardboard_03040.jpg,cardboard
glass_02273.jpg,glass
glass_05078.jpg,glass
plastic_02121.jpg,plastic
paper_02130.jpg,paper
glass_01032.jpg,glass
cardboard_02888.jpg,cardboard
metal_01873.jpg,metal
plastic_00121.jpg,plastic
cardboard_02423.jpg,cardboard
metal_02406.jpg,metal
glass_03616.jpg,glass
cardboard_00182.jpg,cardboard
paper_02084.jpg,paper
plastic_02149.jpg,plastic
cardboard_02128.jpg,cardboard
plastic_00701.jpg,plastic
glass_05153.jpg,glass
cardboard_00659.jpg,cardboard
cardboard_02371.jpg,cardboard
trash_00953.jpg,trash
metal_01567.jpg,metal
trash_01521.jpg,trash
metal_02315.jpg,metal
trash_09958.jpg,trash
glass_02888.jpg,glass
paper_00294.jpg,paper
paper_00090.jpg,paper
paper_00935.jpg,paper
metal_02629.jpg,metal
trash_19143.jpg,trash
metal_00961.jpg,metal
paper_02128.jpg,paper
cardboard_02988.jpg,cardboard
trash_10876.jpg,trash
plastic_01164.jpg,plastic
glass_02958.jpg,glass
glass_02299.jpg,glass
glass_03963.jpg,glass
metal_00748.jpg,metal
glass_04310.jpg,glass
cardboard_02933.jpg,cardboard
paper_02097.jpg,paper
cardboard_00952.jpg,cardboard
trash_13391.jpg,trash
paper_02580.jpg,paper
cardboard_02901.jpg,cardboard
plastic_00961.jpg,plastic
paper_01655.jpg,paper
glass_05488.jpg,glass
trash_14260.jpg,trash
paper_01154.jpg,paper
metal_02246.jpg,metal
glass_03721.jpg,glass
glass_04458.jpg,glass
plastic_00348.jpg,plastic
metal_00595.jpg,metal
plastic_02413.jpg,plastic
plastic_02322.jpg,plastic
metal_01804.jpg,metal
trash_13638.jpg,trash
trash_01928.jpg,trash
glass_04948.jpg,glass
trash_02055.jpg,trash
cardboard_00358.jpg,cardboard
trash_15775.jpg,trash
trash_07180.jpg,trash
trash_18715.jpg,trash
paper_02690.jpg,paper
metal_02240.jpg,metal
trash_03198.jpg,trash
cardboard_01698.jpg,cardboard
paper_00303.jpg,paper
plastic_03140.jpg,plastic
cardboard_02043.jpg,cardboard
plastic_01578.jpg,plastic
trash_04213.jpg,trash
metal_02044.jpg,metal
trash_12753.jpg,trash
paper_00923.jpg,paper
cardboard_03074.jpg,cardboard
trash_02609.jpg,trash
trash_15665.jpg,trash
metal_00572.jpg,metal
paper_00420.jpg,paper
cardboard_02004.jpg,cardboard
trash_11206.jpg,trash
cardboard_01294.jpg,cardboard
glass_05478.jpg,glass
trash_01810.jpg,trash
metal_01373.jpg,metal
trash_00740.jpg,trash
paper_01297.jpg,paper
metal_01395.jpg,metal
paper_02783.jpg,paper
trash_05101.jpg,trash
trash_10109.jpg,trash
trash_14669.jpg,trash
cardboard_02828.jpg,cardboard
glass_02735.jpg,glass
trash_01548.jpg,trash
paper_00987.jpg,paper
metal_02369.jpg,metal
trash_17508.jpg,trash
plastic_02646.jpg,plastic
plastic_02612.jpg,plastic
glass_01296.jpg,glass
paper_01976.jpg,paper
cardboard_01026.jpg,cardboard
glass_04640.jpg,glass
trash_06229.jpg,trash
trash_09277.jpg,trash
paper_01408.jpg,paper
cardboard_01367.jpg,cardboard
cardboard_01386.jpg,cardboard
plastic_00163.jpg,plastic
paper_03088.jpg,paper
metal_01058.jpg,metal
glass_02535.jpg,glass
trash_01038.jpg,trash
paper_00996.jpg,paper
plastic_02228.jpg,plastic
glass_02955.jpg,glass
paper_00131.jpg,paper
metal_02517.jpg,metal
trash_16247.jpg,trash
trash_05482.jpg,trash
paper_00147.jpg,paper
plastic_02240.jpg,plastic
paper_02307.jpg,paper
metal_00908.jpg,metal
cardboard_02777.jpg,cardboard
plastic_02986.jpg,plastic
paper_02831.jpg,paper
metal_01634.jpg,metal
glass_05063.jpg,glass
plastic_01614.jpg,plastic
cardboard_02845.jpg,cardboard
trash_10127.jpg,trash
plastic_02885.jpg,plastic
metal_01629.jpg,metal
cardboard_01738.jpg,cardboard
trash_09322.jpg,trash
glass_04204.jpg,glass
paper_02421.jpg,paper
plastic_02397.jpg,plastic
paper_03100.jpg,paper
trash_17855.jpg,trash
paper_00004.jpg,paper
metal_02606.jpg,metal
metal_02218.jpg,metal
paper_01728.jpg,paper
trash_10690.jpg,trash
cardboard_01533.jpg,cardboard
cardboard_00985.jpg,cardboard
metal_01143.jpg,metal
glass_00887.jpg,glass
trash_06902.jpg,trash
cardboard_01511.jpg,cardboard
cardboard_02416.jpg,cardboard
plastic_01623.jpg,plastic
paper_01084.jpg,paper
trash_19556.jpg,trash
cardboard_02612.jpg,cardboard
cardboard_02632.jpg,cardboard
trash_07937.jpg,trash
cardboard_00252.jpg,cardboard
metal_01078.jpg,metal
cardboard_01930.jpg,cardboard
cardboard_01008.jpg,cardboard
trash_17586.jpg,trash
paper_02851.jpg,paper
trash_04609.jpg,trash
metal_01520.jpg,metal
paper_02051.jpg,paper
plastic_01902.jpg,plastic
plastic_00247.jpg,plastic
cardboard_00367.jpg,cardboard
plastic_02896.jpg,plastic
plastic_01457.jpg,plastic
plastic_00766.jpg,plastic
paper_00234.jpg,paper
cardboard_02736.jpg,cardboard
paper_00737.jpg,paper
glass_00825.jpg,glass
metal_02051.jpg,metal
glass_03091.jpg,glass
paper_01907.jpg,paper
paper_00258.jpg,paper
glass_01868.jpg,glass
trash_19710.jpg,trash
paper_02417.jpg,paper
trash_19994.jpg,trash
paper_00391.jpg,paper
paper_00025.jpg,paper
plastic_02061.jpg,plastic
trash_12158.jpg,trash
glass_03228.jpg,glass
trash_07052.jpg,trash
cardboard_01820.jpg,cardboard
glass_02981.jpg,glass
trash_00718.jpg,trash
trash_01169.jpg,trash
glass_00038.jpg,glass
paper_01606.jpg,paper
trash_19570.jpg,trash
cardboard_01733.jpg,cardboard
glass_00684.jpg,glass
paper_02236.jpg,paper
cardboard_00757.jpg,cardboard
paper_01785.jpg,paper
glass_04555.jpg,glass
plastic_02386.jpg,plastic
cardboard_02441.jpg,cardboard
paper_01368.jpg,paper
plastic_01163.jpg,plastic
trash_03815.jpg,trash
cardboard_02266.jpg,cardboard
paper_00532.jpg,paper
trash_05556.jpg,trash
cardboard_03023.jpg,cardboard
metal_02331.jpg,metal
plastic_01033.jpg,plastic
glass_05418.jpg,glass
cardboard_03089.jpg,cardboard
trash_11336.jpg,trash
paper_01371.jpg,paper
glass_01815.jpg,glass
glass_02801.jpg,glass
cardboard_01522.jpg,cardboard
glass_05387.jpg,glass
cardboard_02940.jpg,cardboard
glass_02784.jpg,glass
trash_11203.jpg,trash
glass_02800.jpg,glass
glass_04079.jpg,glass
paper_02825.jpg,paper
trash_02968.jpg,trash
plastic_02422.jpg,plastic
plastic_01666.jpg,plastic
paper_02860.jpg,paper
glass_02837.jpg,glass
metal_01688.jpg,metal
trash_16093.jpg,trash
cardboard_02483.jpg,cardboard
plastic_01618.jpg,plastic
plastic_02698.jpg,plastic
plastic_03262.jpg,plastic
trash_04053.jpg,trash
paper_01335.jpg,paper
glass_03294.jpg,glass
metal_02425.jpg,metal
trash_11411.jpg,trash
cardboard_02173.jpg,cardboard
glass_03034.jpg,glass
plastic_02829.jpg,plastic
glass_05139.jpg,glass
glass_01569.jpg,glass
metal_01339.jpg,metal
cardboard_02294.jpg,cardboard
trash_07285.jpg,trash
cardboard_02800.jpg,cardboard
metal_00447.jpg,metal
trash_03805.jpg,trash
trash_00447.jpg,trash
glass_02941.jpg,glass
paper_02246.jpg,paper
trash_13069.jpg,trash
plastic_00467.jpg,plastic
glass_02395.jpg,glass
trash_19528.jpg,trash
trash_04697.jpg,trash
glass_03469.jpg,glass
metal_02368.jpg,metal
paper_00841.jpg,paper
paper_03073.jpg,paper
cardboard_03107.jpg,cardboard
paper_02016.jpg,paper
plastic_00903.jpg,plastic
paper_00892.jpg,paper
trash_15818.jpg,trash
trash_04882.jpg,trash
trash_00636.jpg,trash
glass_00999.jpg,glass
cardboard_02435.jpg,cardboard
plastic_02629.jpg,plastic
cardboard_00510.jpg,cardboard
plastic_03080.jpg,plastic
paper_01791.jpg,paper
trash_06904.jpg,trash
trash_12432.jpg,trash
plastic_03173.jpg,plastic
paper_01513.jpg,paper
trash_19607.jpg,trash
trash_18581.jpg,trash
cardboard_03078.jpg,cardboard
plastic_01934.jpg,plastic
plastic_01977.jpg,plastic
metal_02483.jpg,metal
glass_03207.jpg,glass
trash_04741.jpg,trash
glass_00382.jpg,glass
trash_08001.jpg,trash
cardboard_01906.jpg,cardboard
paper_02836.jpg,paper
paper_00044.jpg,paper
trash_05195.jpg,trash
cardboard_02339.jpg,cardboard
glass_02782.jpg,glass
cardboard_02102.jpg,cardboard
metal_01726.jpg,metal
paper_03174.jpg,paper
trash_20120.jpg,trash
plastic_03323.jpg,plastic
metal_02226.jpg,metal
trash_10491.jpg,trash
cardboard_02278.jpg,cardboard
trash_19577.jpg,trash
glass_05030.jpg,glass
trash_06360.jpg,trash
plastic_00750.jpg,plastic
trash_08653.jpg,trash
trash_17039.jpg,trash
cardboard_02108.jpg,cardboard
paper_00288.jpg,paper
glass_00500.jpg,glass
cardboard_02592.jpg,cardboard
glass_00847.jpg,glass
paper_01470.jpg,paper
cardboard_02784.jpg,cardboard
plastic_00027.jpg,plastic
plastic_01093.jpg,plastic
paper_01093.jpg,paper
trash_11324.jpg,trash
trash_15531.jpg,trash
metal_02572.jpg,metal
paper_02418.jpg,paper
plastic_00873.jpg,plastic
cardboard_00633.jpg,cardboard
paper_01453.jpg,paper
paper_02017.jpg,paper
glass_03678.jpg,glass
trash_15115.jpg,trash
trash_11615.jpg,trash
glass_04239.jpg,glass
glass_03644.jpg,glass
paper_02253.jpg,paper
glass_04343.jpg,glass
trash_19495.jpg,trash
trash_05871.jpg,trash
metal_01417.jpg,metal
glass_02879.jpg,glass
paper_00424.jpg,paper
metal_00479.jpg,metal
glass_01522.jpg,glass
paper_00581.jpg,paper
glass_02242.jpg,glass
paper_03283.jpg,paper
paper_02115.jpg,paper
glass_04764.jpg,glass
paper_02618.jpg,paper
metal_00114.jpg,metal
glass_02820.jpg,glass
plastic_02825.jpg,plastic
plastic_02531.jpg,plastic
metal_02353.jpg,metal
metal_01525.jpg,metal
metal_01923.jpg,metal
plastic_00111.jpg,plastic
cardboard_01884.jpg,cardboard
glass_03161.jpg,glass
metal_02625.jpg,metal
paper_02401.jpg,paper
paper_02876.jpg,paper
metal_01136.jpg,metal
glass_04941.jpg,glass
trash_19620.jpg,trash
trash_16926.jpg,trash
glass_03224.jpg,glass
cardboard_01489.jpg,cardboard
plastic_01591.jpg,plastic
glass_04625.jpg,glass
plastic_02951.jpg,plastic
paper_03278.jpg,paper
metal_02476.jpg,metal
trash_00687.jpg,trash
cardboard_02854.jpg,cardboard
metal_02219.jpg,metal
paper_03052.jpg,paper
cardboard_00272.jpg,cardboard
glass_01251.jpg,glass
paper_02824.jpg,paper
glass_02650.jpg,glass
metal_01291.jpg,metal
glass_05312.jpg,glass
trash_19588.jpg,trash
glass_03677.jpg,glass
paper_01267.jpg,paper
glass_04957.jpg,glass
paper_02952.jpg,paper
paper_00642.jpg,paper
glass_02951.jpg,glass
glass_05291.jpg,glass
paper_01664.jpg,paper
paper_00013.jpg,paper
trash_07760.jpg,trash
trash_14271.jpg,trash
trash_18650.jpg,trash
trash_03000.jpg,trash
paper_01123.jpg,paper
paper_01008.jpg,paper
glass_00113.jpg,glass
glass_00378.jpg,glass
plastic_02801.jpg,plastic
plastic_00542.jpg,plastic
trash_06803.jpg,trash
metal_01404.jpg,metal
paper_00621.jpg,paper
metal_02426.jpg,metal
cardboard_01514.jpg,cardboard
cardboard_02379.jpg,cardboard
cardboard_02965.jpg,cardboard
paper_02481.jpg,paper
glass_04132.jpg,glass
trash_11842.jpg,trash
trash_17016.jpg,trash
glass_03761.jpg,glass
plastic_02276.jpg,plastic
trash_15202.jpg,trash
metal_01468.jpg,metal
paper_00080.jpg,paper
cardboard_01962.jpg,cardboard
trash_02777.jpg,trash
cardboard_02652.jpg,cardboard
plastic_03221.jpg,plastic
cardboard_02424.jpg,cardboard
trash_20008.jpg,trash
metal_01100.jpg,metal
paper_01761.jpg,paper
glass_03868.jpg,glass
paper_03031.jpg,paper
cardboard_00752.jpg,cardboard
paper_00359.jpg,paper
metal_01194.jpg,metal
paper_00649.jpg,paper
metal_01575.jpg,metal
paper_02855.jpg,paper
metal_00930.jpg,metal
plastic_02279.jpg,plastic
trash_06458.jpg,trash
trash_11974.jpg,trash
metal_02665.jpg,metal
trash_09273.jpg,trash
paper_02182.jpg,paper
cardboard_02285.jpg,cardboard
plastic_03117.jpg,plastic
trash_03983.jpg,trash
paper_01979.jpg,paper
plastic_01255.jpg,plastic
plastic_01884.jpg,plastic
trash_20121.jpg,trash
trash_12288.jpg,trash
plastic_01485.jpg,plastic
glass_00937.jpg,glass
cardboard_02090.jpg,cardboard
paper_00651.jpg,paper
plastic_02836.jpg,plastic
glass_01208.jpg,glass
paper_02712.jpg,paper
cardboard_02203.jpg,cardboard
paper_02491.jpg,paper
cardboard_02948.jpg,cardboard
plastic_00877.jpg,plastic
paper_01560.jpg,paper
metal_00483.jpg,metal
trash_13832.jpg,trash
metal_02243.jpg,metal
metal_01495.jpg,metal
paper_02408.jpg,paper
trash_02695.jpg,trash
metal_01636.jpg,metal
paper_01569.jpg,paper
cardboard_02498.jpg,cardboard
paper_01426.jpg,paper
glass_03808.jpg,glass
paper_00068.jpg,paper
trash_19500.jpg,trash
plastic_01914.jpg,plastic
glass_04410.jpg,glass
metal_00205.jpg,metal
glass_03541.jpg,glass
glass_01327.jpg,glass
trash_18896.jpg,trash
trash_15236.jpg,trash
trash_10781.jpg,trash
paper_02158.jpg,paper
metal_02022.jpg,metal
plastic_02995.jpg,plastic
paper_02384.jpg,paper
paper_02411.jpg,paper
paper_02291.jpg,paper
glass_04576.jpg,glass
plastic_01517.jpg,plastic
paper_01896.jpg,paper
paper_01586.jpg,paper
metal_01879.jpg,metal
trash_09924.jpg,trash
cardboard_02433.jpg,cardboard
paper_01725.jpg,paper
metal_02396.jpg,metal
plastic_03200.jpg,plastic
glass_03692.jpg,glass
metal_00244.jpg,metal
trash_05977.jpg,trash
metal_00575.jpg,metal
trash_01714.jpg,trash
glass_01940.jpg,glass
trash_00703.jpg,trash
cardboard_00617.jpg,cardboard
trash_03310.jpg,trash
cardboard_02490.jpg,cardboard
glass_03853.jpg,glass
paper_00740.jpg,paper
trash_04169.jpg,trash
trash_14385.jpg,trash
glass_01394.jpg,glass
glass_05148.jpg,glass
metal_02593.jpg,metal
glass_03547.jpg,glass
metal_02489.jpg,metal
trash_02563.jpg,trash
trash_04654.jpg,trash
glass_00709.jpg,glass
metal_01962.jpg,metal
cardboard_01145.jpg,cardboard
cardboard_00018.jpg,cardboard
metal_01507.jpg,metal
paper_02396.jpg,paper
plastic_02572.jpg,plastic
cardboard_01530.jpg,cardboard
plastic_02070.jpg,plastic
paper_01622.jpg,paper
cardboard_01381.jpg,cardboard
trash_12670.jpg,trash
trash_07641.jpg,trash
cardboard_02350.jpg,cardboard
paper_03263.jpg,paper
paper_02166.jpg,paper
trash_13307.jpg,trash
plastic_01692.jpg,plastic
paper_01611.jpg,paper
paper_00844.jpg,paper
glass_01019.jpg,glass
cardboard_01345.jpg,cardboard
trash_16023.jpg,trash
glass_05413.jpg,glass
paper_02443.jpg,paper
glass_00599.jpg,glass
cardboard_01316.jpg,cardboard
cardboard_01375.jpg,cardboard
cardboard_00638.jpg,cardboard
trash_16551.jpg,trash
cardboard_00702.jpg,cardboard
plastic_02781.jpg,plastic
cardboard_02119.jpg,cardboard
glass_03180.jpg,glass
cardboard_00452.jpg,cardboard
glass_00446.jpg,glass
paper_00401.jpg,paper
glass_03186.jpg,glass
metal_02333.jpg,metal
glass_02108.jpg,glass
trash_12413.jpg,trash
plastic_01269.jpg,plastic
cardboard_01389.jpg,cardboard
trash_08272.jpg,trash
plastic_01887.jpg,plastic
cardboard_01360.jpg,cardboard
trash_20192.jpg,trash
plastic_00987.jpg,plastic
trash_11768.jpg,trash
plastic_03255.jpg,plastic
paper_03253.jpg,paper
plastic_03125.jpg,plastic
glass_00372.jpg,glass
paper_03128.jpg,paper
glass_02538.jpg,glass
metal_01472.jpg,metal
cardboard_02820.jpg,cardboard
trash_09636.jpg,trash
trash_10144.jpg,trash
plastic_02561.jpg,plastic
trash_01088.jpg,trash
cardboard_02789.jpg,cardboard
metal_01424.jpg,metal
metal_00255.jpg,metal
metal_02686.jpg,metal
glass_02731.jpg,glass
trash_07913.jpg,trash
plastic_02962.jpg,plastic
plastic_02177.jpg,plastic
cardboard_02917.jpg,cardboard
trash_09501.jpg,trash
cardboard_02522.jpg,cardboard
trash_13996.jpg,trash
metal_00333.jpg,metal
plastic_01810.jpg,plastic
plastic_02812.jpg,plastic
plastic_02923.jpg,plastic
cardboard_02594.jpg,cardboard
paper_03310.jpg,paper
trash_08777.jpg,trash
plastic_03237.jpg,plastic
paper_03182.jpg,paper
paper_02180.jpg,paper
cardboard_02628.jpg,cardboard
metal_00120.jpg,metal
plastic_01741.jpg,plastic
glass_04148.jpg,glass
metal_02260.jpg,metal
cardboard_02130.jpg,cardboard
paper_01099.jpg,paper
paper_02286.jpg,paper
metal_01937.jpg,metal
trash_02451.jpg,trash
paper_02734.jpg,paper
glass_00236.jpg,glass
metal_01674.jpg,metal
metal_01773.jpg,metal
trash_19544.jpg,trash
paper_02553.jpg,paper
trash_13854.jpg,trash
paper_03297.jpg,paper
glass_04077.jpg,glass
glass_00145.jpg,glass
cardboard_01711.jpg,cardboard
metal_01580.jpg,metal
plastic_00641.jpg,plastic
paper_02525.jpg,paper
paper_01378.jpg,paper
glass_04016.jpg,glass
glass_02674.jpg,glass
glass_02470.jpg,glass
trash_00022.jpg,trash
cardboard_01607.jpg,cardboard
plastic_01822.jpg,plastic
glass_01096.jpg,glass
cardboard_02492.jpg,cardboard
plastic_00133.jpg,plastic
metal_02206.jpg,metal
metal_01501.jpg,metal
glass_02799.jpg,glass
trash_19229.jpg,trash
plastic_02080.jpg,plastic
cardboard_02952.jpg,cardboard
glass_05087.jpg,glass
glass_05080.jpg,glass
trash_05401.jpg,trash
paper_02529.jpg,paper
metal_02604.jpg,metal
plastic_02639.jpg,plastic
plastic_02033.jpg,plastic
plastic_00754.jpg,plastic
metal_02080.jpg,metal
cardboard_00547.jpg,cardboard
cardboard_02404.jpg,cardboard
metal_02524.jpg,metal
plastic_01553.jpg,plastic
paper_01893.jpg,paper
trash_18070.jpg,trash
metal_01298.jpg,metal
glass_04569.jpg,glass
glass_03333.jpg,glass
paper_01045.jpg,paper
cardboard_01126.jpg,cardboard
plastic_02159.jpg,plastic
trash_16250.jpg,trash
trash_02503.jpg,trash
cardboard_00138.jpg,cardboard
metal_02301.jpg,metal
cardboard_02208.jpg,cardboard
glass_01064.jpg,glass
metal_00998.jpg,metal
plastic_00627.jpg,plastic
trash_16397.jpg,trash
glass_03415.jpg,glass
paper_02282.jpg,paper
plastic_01596.jpg,plastic
metal_02217.jpg,metal
glass_00793.jpg,glass
glass_01583.jpg,glass
cardboard_01219.jpg,cardboard
glass_00859.jpg,glass
glass_00461.jpg,glass
cardboard_01611.jpg,cardboard
trash_06193.jpg,trash
cardboard_01722.jpg,cardboard
plastic_01529.jpg,plastic
trash_07366.jpg,trash
plastic_03130.jpg,plastic
cardboard_03041.jpg,cardboard
cardboard_02752.jpg,cardboard
cardboard_02074.jpg,cardboard
trash_10517.jpg,trash
paper_02713.jpg,paper
cardboard_01472.jpg,cardboard
glass_01153.jpg,glass
trash_10783.jpg,trash
plastic_01812.jpg,plastic
plastic_02388.jpg,plastic
glass_02117.jpg,glass
plastic_02714.jpg,plastic
metal_02677.jpg,metal
plastic_03312.jpg,plastic
paper_02837.jpg,paper
paper_00901.jpg,paper
cardboard_02902.jpg,cardboard
glass_04930.jpg,glass
plastic_02948.jpg,plastic
metal_02201.jpg,metal
paper_01262.jpg,paper
trash_04708.jpg,trash
plastic_01959.jpg,plastic
cardboard_02457.jpg,cardboard
metal_00049.jpg,metal
plastic_02223.jpg,plastic
trash_06614.jpg,trash
cardboard_01701.jpg,cardboard
glass_01043.jpg,glass
glass_03314.jpg,glass
paper_00330.jpg,paper
metal_02557.jpg,metal
paper_02022.jpg,paper
cardboard_02340.jpg,cardboard
plastic_02428.jpg,plastic
paper_02512.jpg,paper
paper_02970.jpg,paper
glass_04717.jpg,glass
metal_02451.jpg,metal
paper_01759.jpg,paper
glass_02848.jpg,glass
trash_07809.jpg,trash
metal_00227.jpg,metal
trash_11982.jpg,trash
metal_01534.jpg,metal
plastic_03062.jpg,plastic
glass_01895.jpg,glass
metal_01043.jpg,metal
plastic_00237.jpg,plastic
paper_03045.jpg,paper
plastic_03154.jpg,plastic
metal_01362.jpg,metal
plastic_02965.jpg,plastic
glass_02614.jpg,glass
trash_03345.jpg,trash
glass_01609.jpg,glass
metal_01608.jpg,metal
plastic_02534.jpg,plastic
cardboard_00414.jpg,cardboard
trash_05014.jpg,trash
plastic_00560.jpg,plastic
trash_09845.jpg,trash
cardboard_02676.jpg,cardboard
trash_00153.jpg,trash
paper_02518.jpg,paper
paper_01662.jpg,paper
metal_02510.jpg,metal
plastic_01181.jpg,plastic
metal_01207.jpg,metal
metal_01289.jpg,metal
glass_02188.jpg,glass
metal_00869.jpg,metal
cardboard_02539.jpg,cardboard
paper_02359.jpg,paper
plastic_01538.jpg,plastic
cardboard_00431.jpg,cardboard
metal_01442.jpg,metal
cardboard_02834.jpg,cardboard
paper_03309.jpg,paper
glass_05525.jpg,glass
paper_00685.jpg,paper
trash_08467.jpg,trash
plastic_01675.jpg,plastic
glass_03703.jpg,glass
cardboard_02904.jpg,cardboard
cardboard_02637.jpg,cardboard
glass_03932.jpg,glass
cardboard_00379.jpg,cardboard
glass_02860.jpg,glass
cardboard_02873.jpg,cardboard
metal_01209.jpg,metal
glass_02779.jpg,glass
trash_07525.jpg,trash
cardboard_01960.jpg,cardboard
cardboard_02920.jpg,cardboard
paper_00445.jpg,paper
plastic_02694.jpg,plastic
glass_04394.jpg,glass
plastic_00634.jpg,plastic
glass_04039.jpg,glass
cardboard_00756.jpg,cardboard
plastic_01679.jpg,plastic
glass_01952.jpg,glass
glass_03674.jpg,glass
plastic_00332.jpg,plastic
cardboard_01497.jpg,cardboard
plastic_02051.jpg,plastic
glass_04504.jpg,glass
paper_02258.jpg,paper
paper_02945.jpg,paper
metal_01918.jpg,metal
plastic_01251.jpg,plastic
metal_00943.jpg,metal
trash_09653.jpg,trash
metal_00985.jpg,metal
paper_02790.jpg,paper
plastic_03072.jpg,plastic
glass_04663.jpg,glass
paper_02144.jpg,paper
plastic_02635.jpg,plastic
paper_00926.jpg,paper
glass_02891.jpg,glass
paper_01942.jpg,paper
plastic_01480.jpg,plastic
paper_03009.jpg,paper
trash_09111.jpg,trash
metal_01129.jpg,metal
metal_01971.jpg,metal
glass_04847.jpg,glass
paper_00718.jpg,paper
metal_01519.jpg,metal
paper_01334.jpg,paper
plastic_02613.jpg,plastic
plastic_02599.jpg,plastic
glass_03544.jpg,glass
trash_05988.jpg,trash
paper_03129.jpg,paper
trash_19599.jpg,trash
cardboard_02308.jpg,cardboard
trash_14897.jpg,trash
paper_02331.jpg,paper
plastic_02633.jpg,plastic
trash_10518.jpg,trash
plastic_00639.jpg,plastic
cardboard_00810.jpg,cardboard
glass_04969.jpg,glass
glass_01248.jpg,glass
plastic_01414.jpg,plastic
cardboard_02668.jpg,cardboard
metal_01258.jpg,metal
plastic_01685.jpg,plastic
cardboard_00521.jpg,cardboard
plastic_02666.jpg,plastic
plastic_01856.jpg,plastic
trash_04424.jpg,trash
trash_14985.jpg,trash
plastic_00262.jpg,plastic
trash_08372.jpg,trash
glass_02915.jpg,glass
glass_01488.jpg,glass
cardboard_02886.jpg,cardboard
plastic_02803.jpg,plastic
trash_11972.jpg,trash
metal_02162.jpg,metal
paper_01729.jpg,paper
trash_09430.jpg,trash
glass_01254.jpg,glass
cardboard_02710.jpg,cardboard
paper_01085.jpg,paper
paper_02859.jpg,paper
plastic_03030.jpg,plastic
glass_03756.jpg,glass
cardboard_02651.jpg,cardboard
glass_00149.jpg,glass
metal_01183.jpg,metal
cardboard_00897.jpg,cardboard
metal_00992.jpg,metal
cardboard_00905.jpg,cardboard
glass_05474.jpg,glass
paper_02326.jpg,paper
plastic_00895.jpg,plastic
trash_14642.jpg,trash
plastic_01969.jpg,plastic
metal_01103.jpg,metal
trash_15347.jpg,trash
trash_17099.jpg,trash
cardboard_01485.jpg,cardboard
cardboard_02317.jpg,cardboard
plastic_03303.jpg,plastic
paper_01753.jpg,paper
metal_02649.jpg,metal
trash_09541.jpg,trash
plastic_01622.jpg,plastic
trash_04863.jpg,trash
paper_02768.jpg,paper
trash_01135.jpg,trash
plastic_00644.jpg,plastic
trash_09063.jpg,trash
glass_03896.jpg,glass
cardboard_02768.jpg,cardboard
trash_17072.jpg,trash
paper_02724.jpg,paper
plastic_02752.jpg,plastic
paper_01382.jpg,paper
trash_13142.jpg,trash
glass_03815.jpg,glass
cardboard_02114.jpg,cardboard
cardboard_03008.jpg,cardboard
paper_02924.jpg,paper
glass_03311.jpg,glass
paper_01243.jpg,paper
paper_02285.jpg,paper
trash_13388.jpg,trash
paper_02204.jpg,paper
metal_01313.jpg,metal
metal_02108.jpg,metal
glass_02687.jpg,glass
metal_01996.jpg,metal
glass_02931.jpg,glass
plastic_01011.jpg,plastic
glass_00156.jpg,glass
metal_02275.jpg,metal
trash_17997.jpg,trash
cardboard_00723.jpg,cardboard
metal_02562.jpg,metal
metal_02443.jpg,metal
trash_19239.jpg,trash
metal_02079.jpg,metal
paper_02535.jpg,paper
plastic_02090.jpg,plastic
glass_04046.jpg,glass
glass_01283.jpg,glass
plastic_00252.jpg,plastic
trash_02810.jpg,trash
metal_01232.jpg,metal
trash_13383.jpg,trash
cardboard_00892.jpg,cardboard
cardboard_00216.jpg,cardboard
metal_01402.jpg,metal
glass_04699.jpg,glass
glass_04495.jpg,glass
paper_01675.jpg,paper
paper_01704.jpg,paper
trash_13970.jpg,trash
cardboard_02882.jpg,cardboard
cardboard_02569.jpg,cardboard
trash_12367.jpg,trash
plastic_00053.jpg,plastic
cardboard_01248.jpg,cardboard
paper_02098.jpg,paper
glass_03418.jpg,glass
plastic_02768.jpg,plastic
metal_01460.jpg,metal
plastic_03099.jpg,plastic
plastic_02873.jpg,plastic
trash_14124.jpg,trash
trash_17647.jpg,trash
cardboard_01523.jpg,cardboard
paper_03121.jpg,paper
paper_01772.jpg,paper
cardboard_02365.jpg,cardboard
metal_02097.jpg,metal
trash_07173.jpg,trash
plastic_01778.jpg,plastic
paper_02425.jpg,paper
plastic_02469.jpg,plastic
trash_01023.jpg,trash
cardboard_02535.jpg,cardboard
paper_01296.jpg,paper
glass_03069.jpg,glass
cardboard_01366.jpg,cardboard
glass_01564.jpg,glass
cardboard_01353.jpg,cardboard
trash_11405.jpg,trash
glass_03489.jpg,glass
trash_16208.jpg,trash
cardboard_02989.jpg,cardboard
trash_20206.jpg,trash
plastic_02549.jpg,plastic
glass_02791.jpg,glass
trash_02184.jpg,trash
glass_04559.jpg,glass
glass_02576.jpg,glass
paper_01915.jpg,paper
paper_02663.jpg,paper
cardboard_02690.jpg,cardboard
trash_15312.jpg,trash
metal_02005.jpg,metal
metal_02188.jpg,metal
glass_05006.jpg,glass
paper_01692.jpg,paper
trash_03733.jpg,trash
metal_02605.jpg,metal
metal_00338.jpg,metal
cardboard_00206.jpg,cardboard
paper_01537.jpg,paper
glass_01337.jpg,glass
trash_05720.jpg,trash
plastic_02173.jpg,plastic
paper_01068.jpg,paper
trash_06367.jpg,trash
paper_02313.jpg,paper
metal_01087.jpg,metal
plastic_02141.jpg,plastic
glass_03877.jpg,glass
cardboard_01715.jpg,cardboard
cardboard_02638.jpg,cardboard
plastic_02824.jpg,plastic
cardboard_02553.jpg,cardboard
trash_05546.jpg,trash
metal_00538.jpg,metal
metal_02601.jpg,metal
plastic_02855.jpg,plastic
cardboard_02194.jpg,cardboard
paper_00389.jpg,paper
trash_10764.jpg,trash
trash_12571.jpg,trash
paper_02885.jpg,paper
plastic_01819.jpg,plastic
plastic_01722.jpg,plastic
metal_00302.jpg,metal
cardboard_01356.jpg,cardboard
trash_01774.jpg,trash
cardboard_01872.jpg,cardboard
paper_01322.jpg,paper
cardboard_02116.jpg,cardboard
glass_02751.jpg,glass
trash_00686.jpg,trash
paper_02160.jpg,paper
trash_06092.jpg,trash
glass_01791.jpg,glass
paper_02595.jpg,paper
plastic_01646.jpg,plastic
metal_01400.jpg,metal
trash_04371.jpg,trash
metal_02637.jpg,metal
metal_01365.jpg,metal
glass_02854.jpg,glass
paper_00677.jpg,paper
paper_00362.jpg,paper
cardboard_02731.jpg,cardboard
trash_12851.jpg,trash
cardboard_02956.jpg,cardboard
plastic_01010.jpg,plastic
trash_07509.jpg,trash
paper_02269.jpg,paper
plastic_03103.jpg,plastic
glass_03781.jpg,glass
glass_04509.jpg,glass
plastic_01354.jpg,plastic
trash_09483.jpg,trash
plastic_02949.jpg,plastic
cardboard_03051.jpg,cardboard
cardboard_01976.jpg,cardboard
glass_03111.jpg,glass
metal_01769.jpg,metal
plastic_02800.jpg,plastic
metal_00036.jpg,metal
paper_01702.jpg,paper
trash_14541.jpg,trash
glass_03066.jpg,glass
glass_03422.jpg,glass
paper_01650.jpg,paper
paper_02899.jpg,paper
trash_08783.jpg,trash
plastic_02478.jpg,plastic
metal_02648.jpg,metal
glass_00911.jpg,glass
metal_02423.jpg,metal
metal_01829.jpg,metal
paper_02010.jpg,paper
glass_03306.jpg,glass
glass_02965.jpg,glass
cardboard_01438.jpg,cardboard
plastic_01259.jpg,plastic
glass_04634.jpg,glass
trash_15217.jpg,trash
cardboard_01271.jpg,cardboard
glass_00011.jpg,glass
plastic_02486.jpg,plastic
metal_00372.jpg,metal
cardboard_00580.jpg,cardboard
plastic_02553.jpg,plastic
trash_04015.jpg,trash
plastic_02468.jpg,plastic
trash_04124.jpg,trash
paper_02820.jpg,paper
cardboard_02443.jpg,cardboard
glass_04380.jpg,glass
paper_02127.jpg,paper
trash_01487.jpg,trash
paper_02325.jpg,paper
trash_17342.jpg,trash
metal_00663.jpg,metal
paper_02794.jpg,paper
glass_00983.jpg,glass
cardboard_03030.jpg,cardboard
cardboard_00170.jpg,cardboard
glass_03220.jpg,glass
paper_03125.jpg,paper
cardboard_00376.jpg,cardboard
glass_02936.jpg,glass
plastic_03267.jpg,plastic
glass_03267.jpg,glass
trash_08373.jpg,trash
glass_03353.jpg,glass
paper_02075.jpg,paper
paper_03106.jpg,paper
cardboard_01963.jpg,cardboard
plastic_02904.jpg,plastic
cardboard_00645.jpg,cardboard
plastic_02516.jpg,plastic
plastic_02162.jpg,plastic
glass_03456.jpg,glass
metal_02651.jpg,metal
cardboard_00705.jpg,cardboard
trash_11489.jpg,trash
metal_02381.jpg,metal
paper_00305.jpg,paper
paper_02099.jpg,paper
glass_02252.jpg,glass
cardboard_02575.jpg,cardboard
metal_02069.jpg,metal
paper_00557.jpg,paper
plastic_02779.jpg,plastic
paper_02038.jpg,paper
paper_02621.jpg,paper
trash_09569.jpg,trash
trash_07372.jpg,trash
paper_02943.jpg,paper
paper_01554.jpg,paper
plastic_02505.jpg,plastic
cardboard_01576.jpg,cardboard
trash_18858.jpg,trash
trash_14907.jpg,trash
glass_01293.jpg,glass
trash_06732.jpg,trash
paper_02485.jpg,paper
trash_11558.jpg,trash
glass_03710.jpg,glass
paper_02498.jpg,paper
glass_00671.jpg,glass
plastic_02926.jpg,plastic
trash_13670.jpg,trash
plastic_02928.jpg,plastic
cardboard_00725.jpg,cardboard
plastic_02402.jpg,plastic
trash_06225.jpg,trash
paper_02985.jpg,paper
glass_04084.jpg,glass
metal_01710.jpg,metal
metal_01884.jpg,metal
metal_01193.jpg,metal
trash_06551.jpg,trash
glass_03041.jpg,glass
paper_02025.jpg,paper
trash_02427.jpg,trash
trash_05490.jpg,trash
plastic_01403.jpg,plastic
glass_02016.jpg,glass
cardboard_03039.jpg,cardboard
plastic_00739.jpg,plastic
cardboard_02497.jpg,cardboard
paper_02364.jpg,paper
cardboard_01224.jpg,cardboard
trash_18089.jpg,trash
cardboard_02115.jpg,cardboard
plastic_02445.jpg,plastic
metal_00746.jpg,metal
glass_02034.jpg,glass
paper_02373.jpg,paper
metal_00897.jpg,metal
glass_02838.jpg,glass
trash_02927.jpg,trash
paper_01754.jpg,paper
metal_01225.jpg,metal
plastic_01951.jpg,plastic
glass_05477.jpg,glass
glass_00698.jpg,glass
trash_07536.jpg,trash
paper_02132.jpg,paper
cardboard_02258.jpg,cardboard
paper_03195.jpg,paper
plastic_02420.jpg,plastic
metal_02060.jpg,metal
trash_12182.jpg,trash
cardboard_02667.jpg,cardboard
plastic_02406.jpg,plastic
cardboard_02619.jpg,cardboard
metal_02634.jpg,metal
paper_02300.jpg,paper
glass_01220.jpg,glass
glass_00294.jpg,glass
plastic_03314.jpg,plastic
paper_01168.jpg,paper
metal_01867.jpg,metal
trash_12120.jpg,trash
cardboard_02540.jpg,cardboard
paper_01814.jpg,paper
glass_02757.jpg,glass
plastic_02333.jpg,plastic
trash_10105.jpg,trash
glass_04134.jpg,glass
metal_01834.jpg,metal
trash_19346.jpg,trash
paper_01344.jpg,paper
metal_02360.jpg,metal
metal_01652.jpg,metal
plastic_03128.jpg,plastic
paper_01933.jpg,paper
metal_02372.jpg,metal
trash_00270.jpg,trash
trash_14564.jpg,trash
trash_03508.jpg,trash
glass_04420.jpg,glass
glass_04093.jpg,glass
trash_05711.jpg,trash
glass_02969.jpg,glass
cardboard_01739.jpg,cardboard
trash_05780.jpg,trash
glass_02864.jpg,glass
plastic_02766.jpg,plastic
glass_02265.jpg,glass
metal_01649.jpg,metal
metal_01244.jpg,metal
plastic_03079.jpg,plastic
plastic_02899.jpg,plastic
plastic_03326.jpg,plastic
paper_02651.jpg,paper
glass_00611.jpg,glass
glass_03523.jpg,glass
trash_14680.jpg,trash
glass_01968.jpg,glass
cardboard_02347.jpg,cardboard
plastic_03315.jpg,plastic
glass_02131.jpg,glass
glass_02983.jpg,glass
paper_02105.jpg,paper
paper_00196.jpg,paper
plastic_01894.jpg,plastic
trash_05787.jpg,trash
cardboard_02146.jpg,cardboard
metal_00159.jpg,metal
trash_03254.jpg,trash
paper_02984.jpg,paper
glass_01506.jpg,glass
plastic_01909.jpg,plastic
glass_00263.jpg,glass
metal_01218.jpg,metal
trash_11366.jpg,trash
paper_01430.jpg,paper
glass_05062.jpg,glass
trash_07783.jpg,trash
trash_02092.jpg,trash
plastic_01927.jpg,plastic
cardboard_00632.jpg,cardboard
metal_01176.jpg,metal
plastic_00628.jpg,plastic
metal_00502.jpg,metal
cardboard_02516.jpg,cardboard
glass_04164.jpg,glass
cardboard_02519.jpg,cardboard
paper_01019.jpg,paper
glass_03525.jpg,glass
paper_02830.jpg,paper
metal_02131.jpg,metal
cardboard_01668.jpg,cardboard
paper_03276.jpg,paper
paper_02603.jpg,paper
trash_09861.jpg,trash
trash_06416.jpg,trash
paper_01642.jpg,paper
metal_01452.jpg,metal
glass_00578.jpg,glass
cardboard_02446.jpg,cardboard
plastic_02645.jpg,plastic
paper_02931.jpg,paper
paper_01397.jpg,paper
glass_02165.jpg,glass
glass_01934.jpg,glass
glass_01944.jpg,glass
cardboard_02603.jpg,cardboard
metal_01186.jpg,metal
cardboard_02376.jpg,cardboard
trash_17527.jpg,trash
plastic_02674.jpg,plastic
plastic_02906.jpg,plastic
cardboard_01409.jpg,cardboard
glass_01079.jpg,glass
paper_02294.jpg,paper
trash_04160.jpg,trash
glass_04396.jpg,glass
cardboard_02716.jpg,cardboard
plastic_01464.jpg,plastic
metal_01815.jpg,metal
metal_01164.jpg,metal
paper_01714.jpg,paper
plastic_01487.jpg,plastic
cardboard_02621.jpg,cardboard
glass_04278.jpg,glass
cardboard_02473.jpg,cardboard
glass_02833.jpg,glass
cardboard_01436.jpg,cardboard
paper_00241.jpg,paper
trash_00748.jpg,trash
plastic_00890.jpg,plastic
cardboard_03006.jpg,cardboard
trash_09600.jpg,trash
paper_02571.jpg,paper
trash_03187.jpg,trash
metal_02720.jpg,metal
cardboard_02680.jpg,cardboard
cardboard_02500.jpg,cardboard
plastic_01842.jpg,plastic
glass_04650.jpg,glass
glass_03969.jpg,glass
glass_02203.jpg,glass
metal_02684.jpg,metal
cardboard_00429.jpg,cardboard
glass_00754.jpg,glass
trash_00898.jpg,trash
cardboard_02914.jpg,cardboard
metal_02514.jpg,metal
glass_04696.jpg,glass
cardboard_01253.jpg,cardboard
plastic_02492.jpg,plastic
glass_02842.jpg,glass
trash_03027.jpg,trash
cardboard_02783.jpg,cardboard
glass_03743.jpg,glass
metal_01148.jpg,metal
glass_04486.jpg,glass
trash_07886.jpg,trash
glass_00097.jpg,glass
cardboard_01604.jpg,cardboard
trash_16797.jpg,trash
glass_02822.jpg,glass
metal_02025.jpg,metal
plastic_02763.jpg,plastic
metal_00890.jpg,metal
cardboard_01978.jpg,cardboard
metal_02041.jpg,metal
metal_02149.jpg,metal
metal_00578.jpg,metal
plastic_02058.jpg,plastic
cardboard_03018.jpg,cardboard
plastic_01190.jpg,plastic
cardboard_01956.jpg,cardboard
plastic_02150.jpg,plastic
metal_01456.jpg,metal
plastic_03197.jpg,plastic
plastic_00302.jpg,plastic
trash_09892.jpg,trash
glass_01899.jpg,glass
metal_02123.jpg,metal
cardboard_01443.jpg,cardboard
paper_03220.jpg,paper
trash_17761.jpg,trash
paper_02908.jpg,paper
metal_01264.jpg,metal
metal_02716.jpg,metal
metal_01613.jpg,metal
metal_02576.jpg,metal
trash_11100.jpg,trash
plastic_02334.jpg,plastic
trash_07827.jpg,trash
paper_02250.jpg,paper
paper_03226.jpg,paper
plastic_02871.jpg,plastic
plastic_01981.jpg,plastic
trash_10791.jpg,trash
trash_08454.jpg,trash
metal_01315.jpg,metal
cardboard_01907.jpg,cardboard
cardboard_00215.jpg,cardboard
trash_15813.jpg,trash
trash_16413.jpg,trash
trash_08523.jpg,trash
glass_01886.jpg,glass
glass_02315.jpg,glass
plastic_01841.jpg,plastic
cardboard_01937.jpg,cardboard
plastic_00125.jpg,plastic
paper_02805.jpg,paper
paper_02395.jpg,paper
cardboard_02554.jpg,cardboard
glass_03211.jpg,glass
plastic_02104.jpg,plastic
glass_02316.jpg,glass
plastic_02185.jpg,plastic
paper_02217.jpg,paper
glass_00268.jpg,glass
paper_01512.jpg,paper
metal_02280.jpg,metal
trash_03374.jpg,trash
paper_00959.jpg,paper
glass_04162.jpg,glass
trash_07523.jpg,trash
metal_01112.jpg,metal
trash_00601.jpg,trash
cardboard_01827.jpg,cardboard
cardboard_01952.jpg,cardboard
trash_01944.jpg,trash
paper_02946.jpg,paper
glass_03699.jpg,glass
trash_02208.jpg,trash
metal_01594.jpg,metal
glass_05455.jpg,glass
metal_01764.jpg,metal
metal_02386.jpg,metal
trash_09706.jpg,trash
glass_02190.jpg,glass
glass_01712.jpg,glass
glass_04497.jpg,glass
cardboard_01007.jpg,cardboard
cardboard_02144.jpg,cardboard
trash_12663.jpg,trash
cardboard_02671.jpg,cardboard
glass_03492.jpg,glass
plastic_00865.jpg,plastic
glass_00069.jpg,glass
paper_00149.jpg,paper
plastic_02793.jpg,plastic
trash_02040.jpg,trash
trash_19253.jpg,trash
plastic_02346.jpg,plastic
plastic_01209.jpg,plastic
glass_03379.jpg,glass
trash_09775.jpg,trash
plastic_02375.jpg,plastic
metal_01057.jpg,metal
metal_02212.jpg,metal
cardboard_02326.jpg,cardboard
paper_02819.jpg,paper
paper_03127.jpg,paper
paper_02063.jpg,paper
glass_02993.jpg,glass
metal_00649.jpg,metal
plastic_00986.jpg,plastic
glass_04505.jpg,glass
metal_01948.jpg,metal
cardboard_02025.jpg,cardboard
trash_07829.jpg,trash
trash_16599.jpg,trash
glass_03245.jpg,glass
trash_10643.jpg,trash
plastic_01973.jpg,plastic
metal_01545.jpg,metal
plastic_03150.jpg,plastic
glass_01633.jpg,glass
metal_01650.jpg,metal
cardboard_01933.jpg,cardboard
metal_01761.jpg,metal
cardboard_01414.jpg,cardboard
cardboard_00866.jpg,cardboard
paper_01317.jpg,paper
trash_18433.jpg,trash
paper_00598.jpg,paper
glass_02529.jpg,glass
plastic_02990.jpg,plastic
cardboard_02027.jpg,cardboard
cardboard_02047.jpg,cardboard
cardboard_00049.jpg,cardboard
paper_02689.jpg,paper
glass_00276.jpg,glass
paper_01941.jpg,paper
cardboard_01080.jpg,cardboard
plastic_02558.jpg,plastic
trash_00589.jpg,trash
trash_02826.jpg,trash
trash_14498.jpg,trash
metal_01614.jpg,metal
cardboard_01502.jpg,cardboard
metal_02205.jpg,metal
metal_00030.jpg,metal
trash_06669.jpg,trash
metal_01174.jpg,metal
plastic_00951.jpg,plastic
trash_11877.jpg,trash
glass_00130.jpg,glass
cardboard_02536.jpg,cardboard
glass_04896.jpg,glass
plastic_02696.jpg,plastic
plastic_01486.jpg,plastic
glass_02537.jpg,glass
paper_02644.jpg,paper
metal_00932.jpg,metal
trash_03610.jpg,trash
paper_03087.jpg,paper
trash_08598.jpg,trash
plastic_01913.jpg,plastic
trash_05814.jpg,trash
glass_01374.jpg,glass
cardboard_00922.jpg,cardboard
paper_02248.jpg,paper
trash_07803.jpg,trash
plastic_00538.jpg,plastic
trash_15215.jpg,trash
cardboard_02737.jpg,cardboard
trash_17755.jpg,trash
metal_01453.jpg,metal
plastic_00466.jpg,plastic
trash_04810.jpg,trash
glass_03774.jpg,glass
cardboard_01130.jpg,cardboard
plastic_01453.jpg,plastic
trash_12542.jpg,trash
paper_02461.jpg,paper
trash_07195.jpg,trash
trash_03696.jpg,trash
trash_10009.jpg,trash
glass_03226.jpg,glass
glass_00128.jpg,glass
cardboard_01333.jpg,cardboard
paper_02205.jpg,paper
trash_02468.jpg,trash
paper_02339.jpg,paper
cardboard_02094.jpg,cardboard
cardboard_02986.jpg,cardboard
glass_03364.jpg,glass
plastic_02001.jpg,plastic
cardboard_02830.jpg,cardboard
cardboard_01071.jpg,cardboard
plastic_01086.jpg,plastic
cardboard_01857.jpg,cardboard
metal_00700.jpg,metal
plastic_00487.jpg,plastic
plastic_01046.jpg,plastic
paper_02056.jpg,paper
metal_01574.jpg,metal
paper_00374.jpg,paper
paper_02687.jpg,paper
plastic_00682.jpg,plastic
cardboard_01140.jpg,cardboard
trash_15366.jpg,trash
glass_05337.jpg,glass
glass_03831.jpg,glass
metal_00797.jpg,metal
glass_02811.jpg,glass
cardboard_00012.jpg,cardboard
plastic_02805.jpg,plastic
metal_02366.jpg,metal
glass_04438.jpg,glass
plastic_00297.jpg,plastic
glass_01651.jpg,glass
glass_03027.jpg,glass
paper_02572.jpg,paper
glass_00895.jpg,glass
glass_05263.jpg,glass
paper_02817.jpg,paper
cardboard_01281.jpg,cardboard
glass_03933.jpg,glass
plastic_02748.jpg,plastic
glass_02365.jpg,glass
plastic_02751.jpg,plastic
plastic_01824.jpg,plastic
plastic_02262.jpg,plastic
plastic_00019.jpg,plastic
cardboard_03024.jpg,cardboard
cardboard_02242.jpg,cardboard
glass_04736.jpg,glass
glass_03822.jpg,glass
metal_01734.jpg,metal
paper_02261.jpg,paper
trash_17259.jpg,trash
glass_01604.jpg,glass
plastic_02671.jpg,plastic
glass_00341.jpg,glass
plastic_02515.jpg,plastic
trash_19458.jpg,trash
paper_01128.jpg,paper
metal_02267.jpg,metal
plastic_03238.jpg,plastic
trash_12270.jpg,trash
cardboard_02397.jpg,cardboard
metal_00874.jpg,metal
cardboard_02847.jpg,cardboard
trash_11611.jpg,trash
metal_00311.jpg,metal
glass_01379.jpg,glass
plastic_01632.jpg,plastic
paper_03225.jpg,paper
cardboard_02819.jpg,cardboard
plastic_02054.jpg,plastic
trash_02282.jpg,trash
plastic_02934.jpg,plastic
paper_02114.jpg,paper
paper_01987.jpg,paper
metal_01794.jpg,metal
plastic_03054.jpg,plastic
glass_05035.jpg,glass
plastic_01055.jpg,plastic
plastic_02269.jpg,plastic
plastic_02733.jpg,plastic
paper_01447.jpg,paper
paper_02428.jpg,paper
cardboard_02763.jpg,cardboard
trash_11734.jpg,trash
glass_02670.jpg,glass
metal_02692.jpg,metal
cardboard_03102.jpg,cardboard
plastic_02057.jpg,plastic
metal_01374.jpg,metal
glass_04688.jpg,glass
trash_15288.jpg,trash
cardboard_01304.jpg,cardboard
paper_03066.jpg,paper
glass_03827.jpg,glass
metal_01528.jpg,metal
metal_02336.jpg,metal
plastic_01784.jpg,plastic
metal_00055.jpg,metal
trash_11327.jpg,trash
trash_05119.jpg,trash
plastic_01009.jpg,plastic
paper_01765.jpg,paper
trash_02584.jpg,trash
glass_03279.jpg,glass
cardboard_02837.jpg,cardboard
glass_02720.jpg,glass
metal_02241.jpg,metal
glass_03309.jpg,glass
metal_02229.jpg,metal
plastic_01467.jpg,plastic
glass_00290.jpg,glass
plastic_02324.jpg,plastic
plastic_01297.jpg,plastic
paper_01044.jpg,paper
plastic_02028.jpg,plastic
cardboard_02928.jpg,cardboard
glass_01527.jpg,glass
cardboard_00391.jpg,cardboard
trash_03902.jpg,trash
paper_00858.jpg,paper
paper_00592.jpg,paper
trash_03783.jpg,trash
plastic_01091.jpg,plastic
paper_02047.jpg,paper
glass_00549.jpg,glass
paper_02264.jpg,paper
cardboard_00494.jpg,cardboard
glass_02961.jpg,glass
cardboard_03042.jpg,cardboard
cardboard_01348.jpg,cardboard
cardboard_00609.jpg,cardboard
plastic_02182.jpg,plastic
cardboard_01102.jpg,cardboard
plastic_03252.jpg,plastic
metal_02085.jpg,metal
trash_10457.jpg,trash
paper_02789.jpg,paper
paper_03282.jpg,paper
plastic_01751.jpg,plastic
cardboard_02804.jpg,cardboard
paper_01231.jpg,paper
glass_01453.jpg,glass
cardboard_02797.jpg,cardboard
cardboard_02503.jpg,cardboard
glass_02347.jpg,glass
plastic_02872.jpg,plastic
cardboard_00167.jpg,cardboard
cardboard_02439.jpg,cardboard
plastic_01180.jpg,plastic
glass_04741.jpg,glass
trash_07060.jpg,trash
cardboard_00627.jpg,cardboard
glass_04268.jpg,glass
plastic_01633.jpg,plastic
trash_17228.jpg,trash
paper_00148.jpg,paper
paper_01059.jpg,paper
metal_01188.jpg,metal
cardboard_02749.jpg,cardboard
plastic_02213.jpg,plastic
plastic_02484.jpg,plastic
paper_01183.jpg,paper
metal_02053.jpg,metal
trash_13564.jpg,trash
paper_02581.jpg,paper
cardboard_02514.jpg,cardboard
paper_02103.jpg,paper
paper_01398.jpg,paper
glass_02910.jpg,glass
plastic_01651.jpg,plastic
plastic_02169.jpg,plastic
metal_02109.jpg,metal
plastic_01941.jpg,plastic
plastic_00502.jpg,plastic
metal_02300.jpg,metal
glass_02918.jpg,glass
trash_10668.jpg,trash
metal_00421.jpg,metal
metal_01763.jpg,metal
metal_01755.jpg,metal
glass_04440.jpg,glass
paper_02886.jpg,paper
glass_04753.jpg,glass
glass_04749.jpg,glass
trash_02060.jpg,trash
paper_02732.jpg,paper
paper_01440.jpg,paper
plastic_02142.jpg,plastic
glass_00082.jpg,glass
paper_02493.jpg,paper
glass_04203.jpg,glass
cardboard_00003.jpg,cardboard
trash_07831.jpg,trash
paper_03122.jpg,paper
cardboard_02929.jpg,cardboard
plastic_02323.jpg,plastic
paper_01599.jpg,paper
glass_03477.jpg,glass
paper_00765.jpg,paper
cardboard_01849.jpg,cardboard
trash_10019.jpg,trash
trash_08963.jpg,trash
glass_04186.jpg,glass
plastic_02108.jpg,plastic
trash_12250.jpg,trash
plastic_00928.jpg,plastic
plastic_01933.jpg,plastic
glass_05040.jpg,glass
glass_01360.jpg,glass
trash_13654.jpg,trash
cardboard_00829.jpg,cardboard
metal_01106.jpg,metal
metal_02018.jpg,metal
glass_03129.jpg,glass
cardboard_02372.jpg,cardboard
cardboard_00871.jpg,cardboard
paper_02242.jpg,paper
cardboard_02488.jpg,cardboard
cardboard_01927.jpg,cardboard
metal_01236.jpg,metal
plastic_01726.jpg,plastic
cardboard_01384.jpg,cardboard
metal_01122.jpg,metal
metal_01876.jpg,metal
glass_04660.jpg,glass
paper_00874.jpg,paper
metal_01838.jpg,metal
paper_00722.jpg,paper
trash_17165.jpg,trash
glass_03788.jpg,glass
plastic_01826.jpg,plastic
plastic_02306.jpg,plastic
trash_18388.jpg,trash
trash_16324.jpg,trash
plastic_00846.jpg,plastic
cardboard_01642.jpg,cardboard
cardboard_02662.jpg,cardboard
paper_01545.jpg,paper
plastic_01566.jpg,plastic
glass_02964.jpg,glass
glass_00762.jpg,glass
glass_00570.jpg,glass
glass_05396.jpg,glass
cardboard_02732.jpg,cardboard
cardboard_02675.jpg,cardboard
glass_02943.jpg,glass
trash_08850.jpg,trash
paper_01030.jpg,paper
cardboard_00025.jpg,cardboard
metal_02617.jpg,metal
paper_00885.jpg,paper
paper_00094.jpg,paper
metal_02288.jpg,metal
cardboard_01889.jpg,cardboard
trash_11211.jpg,trash
plastic_02383.jpg,plastic
paper_02862.jpg,paper
plastic_03067.jpg,plastic
paper_00875.jpg,paper
glass_02814.jpg,glass
plastic_02835.jpg,plastic
metal_01263.jpg,metal
glass_00572.jpg,glass
cardboard_02139.jpg,cardboard
paper_01118.jpg,paper
trash_07325.jpg,trash
paper_02198.jpg,paper
trash_02452.jpg,trash
trash_13902.jpg,trash
plastic_02296.jpg,plastic
glass_04561.jpg,glass
paper_00655.jpg,paper
cardboard_02467.jpg,cardboard
glass_00532.jpg,glass
plastic_01360.jpg,plastic
trash_07170.jpg,trash
paper_00329.jpg,paper
metal_01983.jpg,metal
cardboard_01691.jpg,cardboard
glass_03189.jpg,glass
cardboard_02996.jpg,cardboard
plastic_00094.jpg,plastic
glass_04097.jpg,glass
trash_19050.jpg,trash
cardboard_02659.jpg,cardboard
plastic_01442.jpg,plastic
glass_05495.jpg,glass
paper_02967.jpg,paper
paper_00478.jpg,paper
metal_01292.jpg,metal
paper_01295.jpg,paper
plastic_00149.jpg,plastic
glass_05088.jpg,glass
trash_06825.jpg,trash
glass_01134.jpg,glass
plastic_01125.jpg,plastic
trash_18331.jpg,trash
plastic_03206.jpg,plastic
glass_02810.jpg,glass
plastic_01939.jpg,plastic
plastic_01564.jpg,plastic
plastic_02814.jpg,plastic
metal_02457.jpg,metal
glass_00658.jpg,glass
metal_01809.jpg,metal
plastic_01658.jpg,plastic
cardboard_00024.jpg,cardboard
cardboard_01688.jpg,cardboard
trash_01948.jpg,trash
plastic_01543.jpg,plastic
metal_01952.jpg,metal
cardboard_01861.jpg,cardboard
glass_05172.jpg,glass
trash_15537.jpg,trash
metal_01006.jpg,metal
cardboard_02395.jpg,cardboard
trash_11690.jpg,trash
plastic_02816.jpg,plastic
paper_03152.jpg,paper
glass_01565.jpg,glass
cardboard_00527.jpg,cardboard
metal_00906.jpg,metal
paper_02942.jpg,paper
plastic_00340.jpg,plastic
plastic_03247.jpg,plastic
glass_05226.jpg,glass
paper_02095.jpg,paper
paper_02884.jpg,paper
metal_02278.jpg,metal
trash_00963.jpg,trash
plastic_00069.jpg,plastic
trash_09037.jpg,trash
glass_00583.jpg,glass
cardboard_00940.jpg,cardboard
plastic_01406.jpg,plastic
paper_01891.jpg,paper
glass_03855.jpg,glass
metal_02725.jpg,metal
trash_05285.jpg,trash
glass_00056.jpg,glass
trash_03439.jpg,trash
trash_16961.jpg,trash
metal_01311.jpg,metal
metal_02087.jpg,metal
cardboard_02461.jpg,cardboard
plastic_02481.jpg,plastic
paper_03119.jpg,paper
cardboard_01636.jpg,cardboard
plastic_01663.jpg,plastic
paper_02997.jpg,paper
plastic_00743.jpg,plastic
metal_00111.jpg,metal
glass_03015.jpg,glass
trash_05968.jpg,trash
trash_07450.jpg,trash
metal_01227.jpg,metal
cardboard_02001.jpg,cardboard
metal_00648.jpg,metal
plastic_01936.jpg,plastic
glass_03521.jpg,glass
paper_03148.jpg,paper
paper_00661.jpg,paper
metal_00764.jpg,metal
trash_19058.jpg,trash
glass_02882.jpg,glass
plastic_02922.jpg,plastic
cardboard_02206.jpg,cardboard
trash_19311.jpg,trash
cardboard_02210.jpg,cardboard
trash_10164.jpg,trash
trash_07056.jpg,trash
glass_00779.jpg,glass
metal_01860.jpg,metal
trash_09102.jpg,trash
cardboard_02039.jpg,cardboard
trash_15888.jpg,trash
paper_02717.jpg,paper
paper_02245.jpg,paper
cardboard_01400.jpg,cardboard
trash_02474.jpg,trash
plastic_00559.jpg,plastic
trash_08235.jpg,trash
metal_02471.jpg,metal
trash_13779.jpg,trash
cardboard_02322.jpg,cardboard
trash_05674.jpg,trash
paper_01925.jpg,paper
metal_02211.jpg,metal
trash_00843.jpg,trash
cardboard_00284.jpg,cardboard
plastic_01845.jpg,plastic
trash_16017.jpg,trash
glass_05388.jpg,glass
trash_00608.jpg,trash
paper_00245.jpg,paper
paper_01984.jpg,paper
paper_03067.jpg,paper
cardboard_02398.jpg,cardboard
cardboard_01211.jpg,cardboard
cardboard_02954.jpg,cardboard
glass_01598.jpg,glass
paper_03167.jpg,paper
trash_11913.jpg,trash
cardboard_02452.jpg,cardboard
plastic_01593.jpg,plastic
trash_01852.jpg,trash
plastic_01754.jpg,plastic
glass_01057.jpg,glass
cardboard_02254.jpg,cardboard
metal_01382.jpg,metal
glass_05044.jpg,glass
glass_00687.jpg,glass
paper_02763.jpg,paper
glass_05346.jpg,glass
paper_02906.jpg,paper
plastic_02094.jpg,plastic
trash_03766.jpg,trash
glass_02514.jpg,glass
cardboard_02493.jpg,cardboard
paper_02447.jpg,paper
paper_03030.jpg,paper
glass_03101.jpg,glass
metal_02006.jpg,metal
cardboard_01932.jpg,cardboard
trash_16285.jpg,trash
plastic_00927.jpg,plastic
glass_03225.jpg,glass
cardboard_02817.jpg,cardboard
trash_00841.jpg,trash
trash_13034.jpg,trash
paper_02770.jpg,paper
glass_00906.jpg,glass
trash_16161.jpg,trash
metal_00416.jpg,metal
trash_15182.jpg,trash
plastic_01628.jpg,plastic
plastic_00908.jpg,plastic
plastic_02833.jpg,plastic
paper_03288.jpg,paper
trash_14822.jpg,trash
cardboard_02103.jpg,cardboard
trash_08790.jpg,trash
metal_02345.jpg,metal
trash_05328.jpg,trash
paper_02813.jpg,paper
cardboard_00662.jpg,cardboard
metal_02130.jpg,metal
trash_19347.jpg,trash
glass_03539.jpg,glass
metal_01631.jpg,metal
metal_00685.jpg,metal
glass_01811.jpg,glass
trash_01257.jpg,trash
glass_04298.jpg,glass
cardboard_02243.jpg,cardboard
paper_01465.jpg,paper
glass_01419.jpg,glass
paper_03017.jpg,paper
metal_02405.jpg,metal
trash_18714.jpg,trash
metal_02282.jpg,metal
metal_01042.jpg,metal
trash_06719.jpg,trash
trash_03562.jpg,trash
trash_00619.jpg,trash
paper_01958.jpg,paper
metal_01678.jpg,metal
plastic_02838.jpg,plastic
cardboard_02336.jpg,cardboard
plastic_02282.jpg,plastic
trash_10948.jpg,trash
plastic_02865.jpg,plastic
glass_00316.jpg,glass
plastic_02940.jpg,plastic
cardboard_01988.jpg,cardboard
trash_13056.jpg,trash
cardboard_02623.jpg,cardboard
metal_01664.jpg,metal
plastic_02395.jpg,plastic
trash_09129.jpg,trash
paper_02023.jpg,paper
cardboard_02663.jpg,cardboard
glass_00318.jpg,glass
paper_01829.jpg,paper
trash_07976.jpg,trash
paper_00547.jpg,paper
plastic_01342.jpg,plastic
trash_14459.jpg,trash
paper_03243.jpg,paper
trash_09428.jpg,trash
trash_06345.jpg,trash
paper_02616.jpg,paper
cardboard_02642.jpg,cardboard
paper_02849.jpg,paper
trash_06603.jpg,trash
metal_01397.jpg,metal
trash_05684.jpg,trash
trash_10016.jpg,trash
paper_02907.jpg,paper
glass_00499.jpg,glass
plastic_01129.jpg,plastic
metal_01563.jpg,metal
paper_02657.jpg,paper
glass_01603.jpg,glass
trash_15849.jpg,trash
plastic_02774.jpg,plastic
metal_01105.jpg,metal
trash_07788.jpg,trash
plastic_01638.jpg,plastic
metal_01336.jpg,metal
cardboard_02178.jpg,cardboard
metal_01898.jpg,metal
plastic_02338.jpg,plastic
glass_05198.jpg,glass
trash_05687.jpg,trash
paper_01858.jpg,paper
cardboard_02259.jpg,cardboard
metal_02389.jpg,metal
metal_02357.jpg,metal
glass_05129.jpg,glass
plastic_00953.jpg,plastic
glass_00035.jpg,glass
trash_10964.jpg,trash
trash_19286.jpg,trash
trash_06424.jpg,trash
trash_11119.jpg,trash
cardboard_01274.jpg,cardboard
paper_02941.jpg,paper
plastic_01586.jpg,plastic
glass_00982.jpg,glass
metal_01094.jpg,metal
glass_04155.jpg,glass
plastic_02630.jpg,plastic
paper_01707.jpg,paper
plastic_01647.jpg,plastic
cardboard_01854.jpg,cardboard
trash_05173.jpg,trash
metal_01895.jpg,metal
cardboard_01406.jpg,cardboard
cardboard_02408.jpg,cardboard
trash_09126.jpg,trash
paper_01113.jpg,paper
metal_02653.jpg,metal
metal_02187.jpg,metal
glass_02753.jpg,glass
plastic_01514.jpg,plastic
metal_02538.jpg,metal
paper_02993.jpg,paper
cardboard_01352.jpg,cardboard
plastic_02085.jpg,plastic
trash_04985.jpg,trash
glass_01204.jpg,glass
cardboard_00745.jpg,cardboard
plastic_01858.jpg,plastic
cardboard_02564.jpg,cardboard
paper_00441.jpg,paper
paper_00448.jpg,paper
glass_02041.jpg,glass
metal_01200.jpg,metal
glass_03004.jpg,glass
trash_05747.jpg,trash
glass_04419.jpg,glass
cardboard_00682.jpg,cardboard
trash_16315.jpg,trash
glass_00907.jpg,glass
glass_03609.jpg,glass
metal_01077.jpg,metal
plastic_01814.jpg,plastic
cardboard_01259.jpg,cardboard
glass_01936.jpg,glass
metal_01991.jpg,metal
paper_01970.jpg,paper
trash_17798.jpg,trash
plastic_01498.jpg,plastic
paper_00169.jpg,paper
cardboard_01487.jpg,cardboard
metal_01181.jpg,metal
glass_04036.jpg,glass
metal_01902.jpg,metal
plastic_00353.jpg,plastic
plastic_02786.jpg,plastic
trash_00670.jpg,trash
plastic_03260.jpg,plastic
plastic_02523.jpg,plastic
cardboard_01761.jpg,cardboard
paper_01182.jpg,paper
cardboard_02538.jpg,cardboard
plastic_02115.jpg,plastic
trash_09734.jpg,trash
metal_00125.jpg,metal
paper_00206.jpg,paper
trash_09308.jpg,trash
paper_00622.jpg,paper
metal_00782.jpg,metal
plastic_01958.jpg,plastic
paper_00304.jpg,paper
plastic_01388.jpg,plastic
plastic_02179.jpg,plastic
paper_01314.jpg,paper
plastic_02538.jpg,plastic
plastic_03196.jpg,plastic
trash_13167.jpg,trash
paper_01031.jpg,paper
glass_03341.jpg,glass
glass_02118.jpg,glass
cardboard_00612.jpg,cardboard
trash_13134.jpg,trash
cardboard_00766.jpg,cardboard
cardboard_00586.jpg,cardboard
plastic_02565.jpg,plastic
trash_03891.jpg,trash
trash_03638.jpg,trash
glass_01557.jpg,glass
paper_00680.jpg,paper
metal_01284.jpg,metal
plastic_00910.jpg,plastic
plastic_02901.jpg,plastic
cardboard_01794.jpg,cardboard
plastic_02973.jpg,plastic
paper_02045.jpg,paper
trash_00541.jpg,trash
cardboard_01260.jpg,cardboard
metal_02312.jpg,metal
trash_07836.jpg,trash
cardboard_02967.jpg,cardboard
glass_04965.jpg,glass
metal_02622.jpg,metal
glass_01184.jpg,glass
metal_02392.jpg,metal
trash_00253.jpg,trash
paper_02550.jpg,paper
glass_04898.jpg,glass
glass_03802.jpg,glass
trash_06654.jpg,trash
paper_00311.jpg,paper
trash_08795.jpg,trash
glass_01983.jpg,glass
glass_02583.jpg,glass
trash_09869.jpg,trash
plastic_01059.jpg,plastic
plastic_02232.jpg,plastic
plastic_02866.jpg,plastic
metal_01604.jpg,metal
cardboard_02274.jpg,cardboard
plastic_01208.jpg,plastic
metal_00279.jpg,metal
metal_02287.jpg,metal
metal_01017.jpg,metal
glass_01291.jpg,glass
paper_02879.jpg,paper
metal_01517.jpg,metal
trash_03441.jpg,trash
metal_00478.jpg,metal
plastic_01715.jpg,plastic
glass_02380.jpg,glass
cardboard_02183.jpg,cardboard
metal_01598.jpg,metal
trash_12457.jpg,trash
trash_02521.jpg,trash
trash_11641.jpg,trash
paper_01345.jpg,paper
trash_07513.jpg,trash
trash_13305.jpg,trash
metal_00750.jpg,metal
trash_00735.jpg,trash
metal_00763.jpg,metal
metal_02075.jpg,metal
glass_03595.jpg,glass
glass_01052.jpg,glass
paper_03078.jpg,paper
cardboard_02401.jpg,cardboard
metal_02126.jpg,metal
paper_03320.jpg,paper
plastic_02361.jpg,plastic
plastic_02447.jpg,plastic
trash_07084.jpg,trash
paper_00438.jpg,paper
cardboard_02478.jpg,cardboard
glass_01652.jpg,glass
metal_01242.jpg,metal
metal_01896.jpg,metal
paper_01616.jpg,paper
glass_04819.jpg,glass
cardboard_02588.jpg,cardboard
trash_18888.jpg,trash
paper_01710.jpg,paper
glass_05174.jpg,glass
paper_02305.jpg,paper
metal_01283.jpg,metal
paper_02199.jpg,paper
metal_01285.jpg,metal
plastic_02255.jpg,plastic
paper_02932.jpg,paper
cardboard_02801.jpg,cardboard
plastic_00365.jpg,plastic
trash_11761.jpg,trash
metal_02500.jpg,metal
paper_01291.jpg,paper
cardboard_01769.jpg,cardboard
glass_02256.jpg,glass
metal_02380.jpg,metal
trash_06703.jpg,trash
cardboard_02234.jpg,cardboard
trash_04978.jpg,trash
plastic_02621.jpg,plastic
trash_04273.jpg,trash
cardboard_00301.jpg,cardboard
metal_00723.jpg,metal
metal_01343.jpg,metal
metal_00539.jpg,metal
glass_04900.jpg,glass
paper_02951.jpg,paper
glass_01056.jpg,glass
cardboard_01028.jpg,cardboard
glass_02362.jpg,glass
glass_04807.jpg,glass
paper_01850.jpg,paper
paper_02419.jpg,paper
paper_01392.jpg,paper
paper_02184.jpg,paper
glass_03966.jpg,glass
plastic_00924.jpg,plastic
trash_08435.jpg,trash
plastic_02400.jpg,plastic
paper_02454.jpg,paper
paper_00761.jpg,paper
glass_02950.jpg,glass
glass_04910.jpg,glass
plastic_01626.jpg,plastic
plastic_01774.jpg,plastic
glass_04705.jpg,glass
trash_16317.jpg,trash
glass_04072.jpg,glass
plastic_02216.jpg,plastic
cardboard_02036.jpg,cardboard
metal_02438.jpg,metal
trash_13727.jpg,trash
metal_00923.jpg,metal
paper_01374.jpg,paper
paper_01399.jpg,paper
paper_01477.jpg,paper
cardboard_02697.jpg,cardboard
paper_00625.jpg,paper
cardboard_01653.jpg,cardboard
trash_00056.jpg,trash
metal_01471.jpg,metal
trash_14416.jpg,trash
metal_01274.jpg,metal
plastic_00160.jpg,plastic
glass_02080.jpg,glass
cardboard_02093.jpg,cardboard
cardboard_02060.jpg,cardboard
trash_15120.jpg,trash
glass_05322.jpg,glass
glass_02682.jpg,glass
plastic_02795.jpg,plastic
glass_02780.jpg,glass
paper_02416.jpg,paper
trash_04376.jpg,trash
glass_00753.jpg,glass
plastic_02501.jpg,plastic
trash_01435.jpg,trash
cardboard_01980.jpg,cardboard
trash_06848.jpg,trash
plastic_02172.jpg,plastic
metal_02039.jpg,metal
trash_09623.jpg,trash
metal_02091.jpg,metal
plastic_02320.jpg,plastic
trash_16842.jpg,trash
trash_09533.jpg,trash
trash_09186.jpg,trash
trash_01775.jpg,trash
glass_03886.jpg,glass
paper_02468.jpg,paper
cardboard_01677.jpg,cardboard
metal_01429.jpg,metal
glass_05092.jpg,glass
cardboard_02444.jpg,cardboard
paper_02197.jpg,paper
glass_02051.jpg,glass
metal_01229.jpg,metal
paper_01387.jpg,paper
cardboard_01654.jpg,cardboard
plastic_00601.jpg,plastic
trash_05877.jpg,trash
paper_01377.jpg,paper
paper_02705.jpg,paper
glass_03096.jpg,glass
trash_16295.jpg,trash
glass_02600.jpg,glass
paper_01104.jpg,paper
paper_01333.jpg,paper
trash_20022.jpg,trash
cardboard_00465.jpg,cardboard
cardboard_00681.jpg,cardboard
trash_11150.jpg,trash
cardboard_02358.jpg,cardboard
plastic_02154.jpg,plastic
plastic_02008.jpg,plastic
cardboard_00767.jpg,cardboard
plastic_01204.jpg,plastic
glass_04848.jpg,glass
glass_03629.jpg,glass
cardboard_02495.jpg,cardboard
cardboard_02987.jpg,cardboard
trash_14689.jpg,trash
paper_00867.jpg,paper
trash_00496.jpg,trash
plastic_02591.jpg,plastic
plastic_03204.jpg,plastic
metal_00309.jpg,metal
glass_04337.jpg,glass
trash_17079.jpg,trash
trash_19693.jpg,trash
trash_17101.jpg,trash
glass_05249.jpg,glass
paper_02527.jpg,paper
glass_00866.jpg,glass
glass_00059.jpg,glass
trash_06350.jpg,trash
plastic_00410.jpg,plastic
glass_02966.jpg,glass
glass_02564.jpg,glass
metal_00356.jpg,metal
paper_02892.jpg,paper
plastic_02542.jpg,plastic
trash_11351.jpg,trash
trash_05782.jpg,trash
paper_02378.jpg,paper
cardboard_00590.jpg,cardboard
paper_02067.jpg,paper
plastic_01677.jpg,plastic
paper_03014.jpg,paper
paper_02954.jpg,paper
cardboard_01728.jpg,cardboard
glass_02519.jpg,glass
plastic_03295.jpg,plastic
plastic_02498.jpg,plastic
plastic_01398.jpg,plastic
glass_01833.jpg,glass
plastic_03016.jpg,plastic
metal_01843.jpg,metal
paper_01274.jpg,paper
trash_19196.jpg,trash
paper_01836.jpg,paper
paper_02004.jpg,paper
trash_06009.jpg,trash
metal_01768.jpg,metal
cardboard_02078.jpg,cardboard
trash_16503.jpg,trash
trash_15284.jpg,trash
glass_04751.jpg,glass
cardboard_00714.jpg,cardboard
metal_02013.jpg,metal
glass_03818.jpg,glass
plastic_01007.jpg,plastic
cardboard_02936.jpg,cardboard
paper_02131.jpg,paper
trash_06179.jpg,trash
glass_01040.jpg,glass
metal_02526.jpg,metal
plastic_02745.jpg,plastic
plastic_03182.jpg,plastic
metal_01749.jpg,metal
glass_02355.jpg,glass
metal_01413.jpg,metal
paper_01063.jpg,paper
metal_00084.jpg,metal
trash_12875.jpg,trash
metal_01547.jpg,metal
plastic_00399.jpg,plastic
plastic_01809.jpg,plastic
plastic_02036.jpg,plastic
trash_13641.jpg,trash
cardboard_02972.jpg,cardboard
glass_00975.jpg,glass
plastic_02032.jpg,plastic
trash_05169.jpg,trash
paper_02698.jpg,paper
cardboard_02807.jpg,cardboard
cardboard_02608.jpg,cardboard
glass_01016.jpg,glass
cardboard_02038.jpg,cardboard
cardboard_00646.jpg,cardboard
metal_00450.jpg,metal
cardboard_03043.jpg,cardboard
metal_02498.jpg,metal
trash_16906.jpg,trash
paper_00660.jpg,paper
paper_03003.jpg,paper
cardboard_01286.jpg,cardboard
trash_16467.jpg,trash
paper_03086.jpg,paper
paper_01679.jpg,paper
cardboard_02613.jpg,cardboard
metal_01915.jpg,metal
metal_00513.jpg,metal
glass_04034.jpg,glass
plastic_02341.jpg,plastic
plastic_02147.jpg,plastic
plastic_03046.jpg,plastic
trash_02345.jpg,trash
cardboard_02571.jpg,cardboard
glass_05275.jpg,glass
metal_02001.jpg,metal
glass_02412.jpg,glass
trash_17737.jpg,trash
plastic_02293.jpg,plastic
glass_01513.jpg,glass
glass_02952.jpg,glass
glass_00723.jpg,glass
paper_02936.jpg,paper
metal_02178.jpg,metal
paper_00893.jpg,paper
metal_00468.jpg,metal
plastic_03075.jpg,plastic
paper_01570.jpg,paper
plastic_02510.jpg,plastic
plastic_01141.jpg,plastic
glass_01607.jpg,glass
trash_20086.jpg,trash
paper_02677.jpg,paper
metal_01803.jpg,metal
plastic_00716.jpg,plastic
cardboard_02625.jpg,cardboard
trash_16928.jpg,trash
trash_20223.jpg,trash
glass_00506.jpg,glass
plastic_00547.jpg,plastic
glass_02932.jpg,glass
glass_03317.jpg,glass
cardboard_02851.jpg,cardboard
trash_03526.jpg,trash
metal_02186.jpg,metal
glass_00161.jpg,glass
glass_01951.jpg,glass
glass_04215.jpg,glass
glass_05132.jpg,glass
trash_16531.jpg,trash
trash_07984.jpg,trash
metal_00389.jpg,metal
cardboard_02808.jpg,cardboard
paper_01515.jpg,paper
metal_01431.jpg,metal
cardboard_01399.jpg,cardboard
cardboard_00837.jpg,cardboard
paper_02268.jpg,paper
paper_01669.jpg,paper
paper_02567.jpg,paper
plastic_02623.jpg,plastic
plastic_00711.jpg,plastic
glass_03299.jpg,glass
glass_03511.jpg,glass
metal_00646.jpg,metal
cardboard_01427.jpg,cardboard
plastic_01513.jpg,plastic
glass_00974.jpg,glass
glass_02387.jpg,glass
metal_00566.jpg,metal
trash_19792.jpg,trash
trash_13503.jpg,trash
paper_00313.jpg,paper
glass_03459.jpg,glass
glass_03982.jpg,glass
plastic_02690.jpg,plastic
trash_16903.jpg,trash
glass_01536.jpg,glass
cardboard_02084.jpg,cardboard
plastic_02403.jpg,plastic
metal_00124.jpg,metal
trash_11854.jpg,trash
trash_16893.jpg,trash
trash_06452.jpg,trash
paper_00869.jpg,paper
trash_00977.jpg,trash
cardboard_02007.jpg,cardboard
cardboard_02201.jpg,cardboard
cardboard_00530.jpg,cardboard
trash_16573.jpg,trash
glass_04297.jpg,glass
metal_01989.jpg,metal
glass_00157.jpg,glass
metal_02171.jpg,metal
plastic_01346.jpg,plastic
paper_02376.jpg,paper
metal_00557.jpg,metal
trash_06999.jpg,trash
cardboard_02742.jpg,cardboard
paper_00339.jpg,paper
paper_00850.jpg,paper
trash_01857.jpg,trash
metal_02578.jpg,metal
cardboard_02316.jpg,cardboard
plastic_01708.jpg,plastic
glass_03697.jpg,glass
glass_02926.jpg,glass
glass_03055.jpg,glass
plastic_01931.jpg,plastic
trash_17351.jpg,trash
cardboard_01910.jpg,cardboard
paper_02296.jpg,paper
cardboard_02271.jpg,cardboard
glass_04207.jpg,glass
paper_02549.jpg,paper
metal_00102.jpg,metal
plastic_02862.jpg,plastic
glass_03875.jpg,glass
glass_03419.jpg,glass
cardboard_00485.jpg,cardboard
glass_00433.jpg,glass
paper_01444.jpg,paper
metal_01005.jpg,metal
glass_04658.jpg,glass
cardboard_01292.jpg,cardboard
plastic_03037.jpg,plastic
trash_06596.jpg,trash
trash_14006.jpg,trash
paper_02808.jpg,paper
metal_02440.jpg,metal
paper_01423.jpg,paper
paper_03274.jpg,paper
metal_02356.jpg,metal
paper_02393.jpg,paper
glass_02639.jpg,glass
metal_01706.jpg,metal
metal_02239.jpg,metal
paper_00828.jpg,paper
paper_00694.jpg,paper
cardboard_00446.jpg,cardboard
trash_04629.jpg,trash
paper_02070.jpg,paper
trash_18712.jpg,trash
trash_12702.jpg,trash
paper_01929.jpg,paper
glass_01647.jpg,glass
cardboard_01003.jpg,cardboard
glass_00707.jpg,glass
paper_01937.jpg,paper
trash_00832.jpg,trash
plastic_00840.jpg,plastic
cardboard_02035.jpg,cardboard
cardboard_00058.jpg,cardboard
trash_08124.jpg,trash
trash_13622.jpg,trash
paper_00633.jpg,paper
paper_00777.jpg,paper
cardboard_02396.jpg,cardboard
trash_17509.jpg,trash
glass_03382.jpg,glass
trash_18543.jpg,trash
paper_01727.jpg,paper
glass_04315.jpg,glass
glass_01762.jpg,glass
cardboard_00366.jpg,cardboard
glass_04285.jpg,glass
trash_12384.jpg,trash
trash_08872.jpg,trash
plastic_02477.jpg,plastic
metal_01816.jpg,metal
glass_04593.jpg,glass
plastic_01314.jpg,plastic
glass_03031.jpg,glass
metal_00497.jpg,metal
trash_15007.jpg,trash
paper_01517.jpg,paper
paper_00851.jpg,paper
cardboard_00387.jpg,cardboard
metal_02054.jpg,metal
trash_10614.jpg,trash
paper_02465.jpg,paper
metal_02114.jpg,metal
plastic_02221.jpg,plastic
paper_03168.jpg,paper
metal_00283.jpg,metal
trash_02363.jpg,trash
glass_05114.jpg,glass
plastic_02072.jpg,plastic
glass_01370.jpg,glass
glass_03464.jpg,glass
metal_00156.jpg,metal
glass_03322.jpg,glass
plastic_02010.jpg,plastic
paper_03041.jpg,paper
paper_01204.jpg,paper
plastic_02450.jpg,plastic
paper_01660.jpg,paper
glass_04706.jpg,glass
glass_05057.jpg,glass
metal_01874.jpg,metal
paper_02626.jpg,paper
trash_03015.jpg,trash
glass_02022.jpg,glass
glass_02739.jpg,glass
glass_01166.jpg,glass
trash_12489.jpg,trash
plastic_02967.jpg,plastic
metal_00405.jpg,metal
glass_02766.jpg,glass
paper_00113.jpg,paper
metal_02193.jpg,metal
trash_02368.jpg,trash
paper_00263.jpg,paper
glass_04723.jpg,glass
glass_03494.jpg,glass
glass_02440.jpg,glass
cardboard_00883.jpg,cardboard
plastic_00241.jpg,plastic
glass_00950.jpg,glass
metal_01161.jpg,metal
paper_02274.jpg,paper
cardboard_02248.jpg,cardboard
plastic_01110.jpg,plastic
cardboard_00816.jpg,cardboard
metal_01073.jpg,metal
glass_01308.jpg,glass
paper_03197.jpg,paper
paper_01520.jpg,paper
cardboard_02869.jpg,cardboard
trash_15670.jpg,trash
glass_03230.jpg,glass
glass_04835.jpg,glass
paper_00883.jpg,paper
paper_03077.jpg,paper
trash_19706.jpg,trash
glass_01059.jpg,glass
plastic_01721.jpg,plastic
trash_11799.jpg,trash
cardboard_02392.jpg,cardboard
plastic_02312.jpg,plastic
paper_02842.jpg,paper
plastic_00772.jpg,plastic
glass_02902.jpg,glass
plastic_02100.jpg,plastic
glass_01222.jpg,glass
plastic_01193.jpg,plastic
plastic_02620.jpg,plastic
plastic_02648.jpg,plastic
cardboard_02284.jpg,cardboard
cardboard_02076.jpg,cardboard
paper_01910.jpg,paper
trash_00055.jpg,trash
plastic_02396.jpg,plastic
cardboard_01470.jpg,cardboard
paper_02588.jpg,paper
plastic_02344.jpg,plastic
glass_00171.jpg,glass
paper_02785.jpg,paper
trash_11342.jpg,trash
paper_00259.jpg,paper
plastic_00551.jpg,plastic
cardboard_02645.jpg,cardboard
paper_02504.jpg,paper
paper_00976.jpg,paper
glass_05247.jpg,glass
cardboard_02312.jpg,cardboard
glass_01963.jpg,glass
cardboard_01928.jpg,cardboard
paper_00707.jpg,paper
paper_01292.jpg,paper
glass_03639.jpg,glass
trash_13120.jpg,trash
paper_02177.jpg,paper
trash_02192.jpg,trash
plastic_00361.jpg,plastic
metal_02329.jpg,metal
glass_04431.jpg,glass
plastic_02103.jpg,plastic
plastic_01730.jpg,plastic
paper_01852.jpg,paper
glass_02285.jpg,glass
plastic_01776.jpg,plastic
trash_00509.jpg,trash
glass_02819.jpg,glass
glass_00136.jpg,glass
plastic_00386.jpg,plastic
paper_02050.jpg,paper
paper_02239.jpg,paper
paper_02672.jpg,paper
glass_03647.jpg,glass
trash_08945.jpg,trash
cardboard_01806.jpg,cardboard
metal_01428.jpg,metal
glass_03399.jpg,glass
plastic_03012.jpg,plastic
metal_01048.jpg,metal
glass_00863.jpg,glass
metal_02700.jpg,metal
metal_01341.jpg,metal
plastic_01462.jpg,plastic
plastic_01829.jpg,plastic
paper_02284.jpg,paper
glass_04075.jpg,glass
paper_03093.jpg,paper
paper_03094.jpg,paper
plastic_01584.jpg,plastic
metal_02434.jpg,metal
plastic_02968.jpg,plastic
glass_03137.jpg,glass
paper_00977.jpg,paper
trash_12712.jpg,trash
glass_00763.jpg,glass
cardboard_02681.jpg,cardboard
paper_01233.jpg,paper
glass_00181.jpg,glass
trash_17192.jpg,trash
glass_05327.jpg,glass
glass_02227.jpg,glass
metal_01875.jpg,metal
trash_00643.jpg,trash
paper_01693.jpg,paper
plastic_02133.jpg,plastic
trash_03204.jpg,trash
plastic_01772.jpg,plastic
metal_01987.jpg,metal
metal_01626.jpg,metal
cardboard_02541.jpg,cardboard
paper_02541.jpg,paper
paper_02843.jpg,paper
trash_02772.jpg,trash
paper_02863.jpg,paper
trash_18615.jpg,trash
trash_01137.jpg,trash
cardboard_01622.jpg,cardboard
paper_02382.jpg,paper
paper_02456.jpg,paper
cardboard_01651.jpg,cardboard
glass_02905.jpg,glass
plastic_01801.jpg,plastic
trash_14508.jpg,trash
cardboard_02216.jpg,cardboard
trash_08918.jpg,trash
glass_03151.jpg,glass
metal_01857.jpg,metal
paper_02474.jpg,paper
glass_01069.jpg,glass
cardboard_01029.jpg,cardboard
plastic_02096.jpg,plastic
metal_01640.jpg,metal
cardboard_02191.jpg,cardboard
paper_03304.jpg,paper
glass_02776.jpg,glass
plastic_02311.jpg,plastic
paper_01188.jpg,paper
glass_00062.jpg,glass
paper_01106.jpg,paper
plastic_01746.jpg,plastic
trash_18806.jpg,trash
cardboard_01060.jpg,cardboard
trash_05182.jpg,trash
glass_03221.jpg,glass
paper_02052.jpg,paper
trash_05102.jpg,trash
metal_02508.jpg,metal
metal_01448.jpg,metal
glass_03778.jpg,glass
cardboard_00198.jpg,cardboard
plastic_03183.jpg,plastic
trash_18617.jpg,trash
glass_03510.jpg,glass
trash_17719.jpg,trash
glass_01750.jpg,glass
paper_03157.jpg,paper
metal_01509.jpg,metal
plastic_00085.jpg,plastic
paper_02220.jpg,paper
glass_03715.jpg,glass
plastic_02640.jpg,plastic
plastic_01439.jpg,plastic
trash_17577.jpg,trash
trash_09218.jpg,trash
paper_01909.jpg,paper
paper_02370.jpg,paper
metal_02031.jpg,metal
glass_03869.jpg,glass
cardboard_00093.jpg,cardboard
plastic_02807.jpg,plastic
metal_01295.jpg,metal
metal_01511.jpg,metal
plastic_02910.jpg,plastic
paper_03161.jpg,paper
trash_10597.jpg,trash
glass_01038.jpg,glass
metal_02043.jpg,metal
cardboard_01867.jpg,cardboard
glass_04641.jpg,glass
plastic_01906.jpg,plastic
metal_02271.jpg,metal
glass_01389.jpg,glass
plastic_03050.jpg,plastic
paper_02832.jpg,paper
glass_01775.jpg,glass
cardboard_01302.jpg,cardboard
trash_12022.jpg,trash
cardboard_01507.jpg,cardboard
metal_01109.jpg,metal
glass_04608.jpg,glass
glass_03892.jpg,glass
plastic_02297.jpg,plastic
paper_01178.jpg,paper
paper_01873.jpg,paper
trash_20201.jpg,trash
metal_00705.jpg,metal
plastic_01580.jpg,plastic
trash_10934.jpg,trash
glass_01644.jpg,glass
glass_02786.jpg,glass
cardboard_02032.jpg,cardboard
paper_02800.jpg,paper
glass_02793.jpg,glass
trash_14724.jpg,trash
paper_01875.jpg,paper
glass_04802.jpg,glass
paper_02781.jpg,paper
metal_02175.jpg,metal
trash_14463.jpg,trash
trash_02729.jpg,trash
paper_03265.jpg,paper
cardboard_00715.jpg,cardboard
cardboard_00219.jpg,cardboard
glass_04434.jpg,glass
metal_02461.jpg,metal
paper_02108.jpg,paper
plastic_01975.jpg,plastic
plastic_03186.jpg,plastic
paper_00380.jpg,paper
cardboard_00868.jpg,cardboard
trash_17243.jpg,trash
glass_04145.jpg,glass
paper_00714.jpg,paper
paper_03079.jpg,paper
paper_02890.jpg,paper
trash_02430.jpg,trash
cardboard_02824.jpg,cardboard
cardboard_02609.jpg,cardboard
metal_00094.jpg,metal
paper_03019.jpg,paper
metal_01392.jpg,metal
glass_04988.jpg,glass
glass_02067.jpg,glass
metal_02177.jpg,metal
trash_17008.jpg,trash
trash_15728.jpg,trash
paper_01015.jpg,paper
trash_07469.jpg,trash
plastic_00520.jpg,plastic
plastic_01750.jpg,plastic
trash_06182.jpg,trash
cardboard_01299.jpg,cardboard
cardboard_03020.jpg,cardboard
plastic_03211.jpg,plastic
cardboard_01445.jpg,cardboard
glass_02036.jpg,glass
paper_00812.jpg,paper
plastic_00990.jpg,plastic
trash_10002.jpg,trash
cardboard_01898.jpg,cardboard
cardboard_02755.jpg,cardboard
metal_01265.jpg,metal
trash_09496.jpg,trash
paper_03275.jpg,paper
plastic_02942.jpg,plastic
plastic_01950.jpg,plastic
paper_01745.jpg,paper
cardboard_00857.jpg,cardboard
cardboard_01306.jpg,cardboard
plastic_01551.jpg,plastic
plastic_02247.jpg,plastic
metal_01426.jpg,metal
plastic_01745.jpg,plastic
trash_00385.jpg,trash
trash_02286.jpg,trash
trash_11626.jpg,trash
paper_02600.jpg,paper
glass_03903.jpg,glass
metal_00947.jpg,metal
trash_19804.jpg,trash
cardboard_01532.jpg,cardboard
glass_02569.jpg,glass
cardboard_03103.jpg,cardboard
metal_01737.jpg,metal
trash_13366.jpg,trash
plastic_01123.jpg,plastic
plastic_02219.jpg,plastic
metal_01040.jpg,metal
trash_04450.jpg,trash
cardboard_03009.jpg,cardboard
trash_03098.jpg,trash
metal_00026.jpg,metal
plastic_01426.jpg,plastic
trash_06958.jpg,trash
metal_01332.jpg,metal
glass_05261.jpg,glass
trash_05002.jpg,trash
paper_01944.jpg,paper
plastic_01985.jpg,plastic
glass_04982.jpg,glass
trash_19844.jpg,trash
trash_15333.jpg,trash
plastic_02181.jpg,plastic
glass_00810.jpg,glass
plastic_02595.jpg,plastic
cardboard_02225.jpg,cardboard
glass_05494.jpg,glass
trash_15974.jpg,trash
trash_10961.jpg,trash
trash_12639.jpg,trash
plastic_01260.jpg,plastic
cardboard_02598.jpg,cardboard
paper_02515.jpg,paper
trash_01991.jpg,trash
glass_05438.jpg,glass
cardboard_00509.jpg,cardboard
cardboard_02814.jpg,cardboard
metal_01318.jpg,metal
cardboard_02866.jpg,cardboard
cardboard_02351.jpg,cardboard
plastic_02830.jpg,plastic
trash_10838.jpg,trash
glass_05436.jpg,glass
plastic_02680.jpg,plastic
cardboard_00784.jpg,cardboard
plastic_01392.jpg,plastic
cardboard_02587.jpg,cardboard
glass_02841.jpg,glass
trash_01692.jpg,trash
metal_01668.jpg,metal
plastic_00369.jpg,plastic
plastic_01687.jpg,plastic
cardboard_02544.jpg,cardboard
trash_17293.jpg,trash
metal_02525.jpg,metal
cardboard_00330.jpg,cardboard
trash_01317.jpg,trash
metal_00307.jpg,metal
paper_02126.jpg,paper
plastic_02390.jpg,plastic
plastic_01872.jpg,plastic
metal_02669.jpg,metal
plastic_02353.jpg,plastic
glass_01678.jpg,glass
cardboard_02302.jpg,cardboard
paper_02664.jpg,paper
paper_01703.jpg,paper
metal_01810.jpg,metal
glass_00830.jpg,glass
glass_00203.jpg,glass
metal_01946.jpg,metal
cardboard_02426.jpg,cardboard
metal_01684.jpg,metal
cardboard_02380.jpg,cardboard
metal_01981.jpg,metal
trash_17458.jpg,trash
metal_01401.jpg,metal
paper_00848.jpg,paper
plastic_01446.jpg,plastic
paper_02774.jpg,paper
trash_16858.jpg,trash
trash_04420.jpg,trash
paper_02681.jpg,paper
trash_19616.jpg,trash
trash_01773.jpg,trash
trash_01360.jpg,trash
plastic_02363.jpg,plastic
cardboard_01429.jpg,cardboard
glass_01061.jpg,glass
cardboard_00917.jpg,cardboard
paper_02896.jpg,paper
paper_02796.jpg,paper
glass_00605.jpg,glass
cardboard_02838.jpg,cardboard
metal_01655.jpg,metal
cardboard_01953.jpg,cardboard
trash_18571.jpg,trash
plastic_00590.jpg,plastic
trash_15975.jpg,trash
metal_02528.jpg,metal
cardboard_00753.jpg,cardboard
plastic_02850.jpg,plastic
paper_02847.jpg,paper
plastic_01261.jpg,plastic
trash_12615.jpg,trash
paper_01259.jpg,paper
plastic_01198.jpg,plastic
metal_02592.jpg,metal
paper_01394.jpg,paper
paper_03183.jpg,paper
paper_02880.jpg,paper
cardboard_03084.jpg,cardboard
metal_02708.jpg,metal
metal_02354.jpg,metal
trash_07031.jpg,trash
trash_18742.jpg,trash
glass_02625.jpg,glass
glass_00896.jpg,glass
metal_02540.jpg,metal
metal_00363.jpg,metal
trash_14165.jpg,trash
cardboard_02805.jpg,cardboard
plastic_01530.jpg,plastic
paper_03138.jpg,paper
metal_02644.jpg,metal
metal_01682.jpg,metal
glass_05456.jpg,glass
paper_02086.jpg,paper
cardboard_00278.jpg,cardboard
cardboard_02185.jpg,cardboard
cardboard_00162.jpg,cardboard
paper_00928.jpg,paper
paper_01011.jpg,paper
glass_05271.jpg,glass
cardboard_01278.jpg,cardboard
metal_01885.jpg,metal
paper_01849.jpg,paper
paper_02784.jpg,paper
paper_00912.jpg,paper
glass_02877.jpg,glass
glass_00804.jpg,glass
plastic_02355.jpg,plastic
cardboard_01589.jpg,cardboard
trash_06167.jpg,trash
plastic_02912.jpg,plastic
cardboard_02251.jpg,cardboard
metal_01356.jpg,metal
metal_02611.jpg,metal
metal_00232.jpg,metal
cardboard_02581.jpg,cardboard
paper_03132.jpg,paper
glass_04496.jpg,glass
paper_01641.jpg,paper
glass_02996.jpg,glass
paper_01157.jpg,paper
paper_02631.jpg,paper
metal_00966.jpg,metal
cardboard_02333.jpg,cardboard
trash_01748.jpg,trash
cardboard_02822.jpg,cardboard
glass_03149.jpg,glass
paper_02187.jpg,paper
glass_04103.jpg,glass
plastic_01147.jpg,plastic
paper_03185.jpg,paper
paper_01647.jpg,paper
metal_01510.jpg,metal
metal_00417.jpg,metal
plastic_02389.jpg,plastic
paper_03107.jpg,paper
metal_01913.jpg,metal
glass_02743.jpg,glass
metal_02323.jpg,metal
paper_01820.jpg,paper
glass_01746.jpg,glass
paper_00145.jpg,paper
cardboard_02099.jpg,cardboard
paper_02587.jpg,paper
plastic_02550.jpg,plastic
glass_04953.jpg,glass
plastic_01652.jpg,plastic
cardboard_00507.jpg,cardboard
metal_02714.jpg,metal
paper_00656.jpg,paper
cardboard_02368.jpg,cardboard
paper_01175.jpg,paper
plastic_00686.jpg,plastic
metal_01852.jpg,metal
plastic_02127.jpg,plastic
cardboard_01798.jpg,cardboard
metal_01405.jpg,metal
plastic_02242.jpg,plastic
plastic_03198.jpg,plastic
trash_03691.jpg,trash
metal_02698.jpg,metal
trash_04936.jpg,trash
cardboard_00698.jpg,cardboard
trash_16147.jpg,trash
metal_00847.jpg,metal
cardboard_02188.jpg,cardboard
glass_01681.jpg,glass
plastic_01769.jpg,plastic
cardboard_02070.jpg,cardboard
trash_08257.jpg,trash
glass_00087.jpg,glass
paper_02720.jpg,paper
cardboard_01461.jpg,cardboard
paper_00387.jpg,paper
paper_00650.jpg,paper
metal_02073.jpg,metal
cardboard_01329.jpg,cardboard
metal_01065.jpg,metal
plastic_00096.jpg,plastic
trash_11493.jpg,trash
cardboard_01221.jpg,cardboard
plastic_03049.jpg,plastic
cardboard_00542.jpg,cardboard
cardboard_00073.jpg,cardboard
trash_06864.jpg,trash
trash_08411.jpg,trash
paper_01757.jpg,paper
plastic_01876.jpg,plastic
plastic_03058.jpg,plastic
paper_00683.jpg,paper
cardboard_01584.jpg,cardboard
cardboard_00091.jpg,cardboard
glass_02132.jpg,glass
metal_02107.jpg,metal
glass_01253.jpg,glass
metal_00023.jpg,metal
cardboard_02217.jpg,cardboard
glass_03533.jpg,glass
paper_01441.jpg,paper
paper_00985.jpg,paper
glass_01852.jpg,glass
trash_00307.jpg,trash
metal_00248.jpg,metal
trash_04593.jpg,trash
paper_03199.jpg,paper
metal_01744.jpg,metal
trash_14386.jpg,trash
plastic_02992.jpg,plastic
plastic_02685.jpg,plastic
plastic_02342.jpg,plastic
paper_01717.jpg,paper
metal_02409.jpg,metal
cardboard_01938.jpg,cardboard
cardboard_02918.jpg,cardboard
cardboard_01305.jpg,cardboard
cardboard_00183.jpg,cardboard
cardboard_02864.jpg,cardboard
metal_00501.jpg,metal
trash_03948.jpg,trash
glass_05094.jpg,glass
metal_02664.jpg,metal
metal_00360.jpg,metal
trash_04021.jpg,trash
glass_00564.jpg,glass
cardboard_01918.jpg,cardboard
glass_04671.jpg,glass
plastic_00615.jpg,plastic
cardboard_02517.jpg,cardboard
paper_03061.jpg,paper
cardboard_00807.jpg,cardboard
glass_04073.jpg,glass
plastic_02171.jpg,plastic
glass_04836.jpg,glass
trash_04375.jpg,trash
glass_03248.jpg,glass
cardboard_01726.jpg,cardboard
trash_16389.jpg,trash
paper_02037.jpg,paper
paper_02865.jpg,paper
cardboard_00262.jpg,cardboard
trash_09608.jpg,trash
metal_02196.jpg,metal
plastic_02817.jpg,plastic
metal_02535.jpg,metal
trash_12625.jpg,trash
cardboard_02791.jpg,cardboard
metal_02351.jpg,metal
paper_02464.jpg,paper
plastic_01559.jpg,plastic
metal_01533.jpg,metal
plastic_01524.jpg,plastic
cardboard_02941.jpg,cardboard
paper_02902.jpg,paper
plastic_02587.jpg,plastic
glass_01003.jpg,glass
glass_02430.jpg,glass
metal_01929.jpg,metal
plastic_01940.jpg,plastic
cardboard_01105.jpg,cardboard
plastic_01217.jpg,plastic
paper_01775.jpg,paper
cardboard_01850.jpg,cardboard
glass_05240.jpg,glass
cardboard_02422.jpg,cardboard
plastic_02473.jpg,plastic
trash_06879.jpg,trash
plastic_02570.jpg,plastic
plastic_01378.jpg,plastic
plastic_02810.jpg,plastic
cardboard_00770.jpg,cardboard
glass_00141.jpg,glass
metal_01340.jpg,metal
metal_00480.jpg,metal
metal_02200.jpg,metal
trash_10611.jpg,trash
metal_02595.jpg,metal
paper_00130.jpg,paper
trash_16174.jpg,trash
plastic_03065.jpg,plastic
paper_02632.jpg,paper
cardboard_01156.jpg,cardboard
glass_02984.jpg,glass
glass_02494.jpg,glass
paper_02561.jpg,paper
plastic_02463.jpg,plastic
plastic_02882.jpg,plastic
glass_01321.jpg,glass
glass_03192.jpg,glass
cardboard_02413.jpg,cardboard
plastic_02647.jpg,plastic
metal_02570.jpg,metal
glass_03538.jpg,glass
trash_06616.jpg,trash
metal_01208.jpg,metal
trash_08640.jpg,trash
plastic_01120.jpg,plastic
glass_04528.jpg,glass
trash_19722.jpg,trash
plastic_02626.jpg,plastic
paper_03115.jpg,paper
trash_10084.jpg,trash
glass_05310.jpg,glass
metal_00328.jpg,metal
glass_01182.jpg,glass
glass_04886.jpg,glass
plastic_01042.jpg,plastic
plastic_01474.jpg,plastic
trash_13845.jpg,trash
trash_10617.jpg,trash
glass_04934.jpg,glass
glass_03772.jpg,glass
glass_02183.jpg,glass
metal_01718.jpg,metal
glass_02363.jpg,glass
trash_14043.jpg,trash
trash_19034.jpg,trash
paper_02480.jpg,paper
trash_02567.jpg,trash
glass_02686.jpg,glass
metal_01346.jpg,metal
paper_02351.jpg,paper
trash_08388.jpg,trash
cardboard_02894.jpg,cardboard
cardboard_02085.jpg,cardboard
trash_18838.jpg,trash
plastic_01796.jpg,plastic
paper_02006.jpg,paper
plastic_00759.jpg,plastic
plastic_00672.jpg,plastic
glass_01335.jpg,glass
cardboard_02537.jpg,cardboard
paper_01835.jpg,paper
paper_02228.jpg,paper
glass_04329.jpg,glass
paper_01743.jpg,paper
glass_03367.jpg,glass
cardboard_00102.jpg,cardboard
cardboard_02319.jpg,cardboard
trash_07777.jpg,trash
cardboard_00247.jpg,cardboard
trash_09140.jpg,trash
trash_04938.jpg,trash
paper_02232.jpg,paper
paper_02660.jpg,paper
plastic_00226.jpg,plastic
cardboard_01447.jpg,cardboard
metal_02565.jpg,metal
plastic_03278.jpg,plastic
glass_03986.jpg,glass
metal_01359.jpg,metal
trash_03174.jpg,trash
trash_08052.jpg,trash
plastic_02440.jpg,plastic
paper_01830.jpg,paper
metal_02281.jpg,metal
paper_02721.jpg,paper
cardboard_01955.jpg,cardboard
trash_11076.jpg,trash
glass_01879.jpg,glass
plastic_03192.jpg,plastic
metal_01101.jpg,metal
cardboard_03116.jpg,cardboard
paper_01991.jpg,paper
metal_01899.jpg,metal
trash_11989.jpg,trash
glass_01464.jpg,glass
metal_01936.jpg,metal
trash_10352.jpg,trash
glass_03454.jpg,glass
glass_02192.jpg,glass
metal_02436.jpg,metal
metal_02210.jpg,metal
paper_01738.jpg,paper
metal_02513.jpg,metal
metal_01611.jpg,metal
cardboard_02825.jpg,cardboard
glass_02982.jpg,glass
trash_15439.jpg,trash
plastic_00919.jpg,plastic
